[2026-08-15 06:21:49] [ERROR] [ren.errors]: Ollama HTTP 500: {"error":"llama-server process has terminated: exit status 1: ggml_backend_cpu_buffer_type_alloc_buffer: failed to allocate buffer of size 1327104000\nalloc_tensor_range: failed to allocate CPU_REPACK buffer of size 1327104000\nerror loading model: unable to allocate CPU_REPACK buffer"}
[2026-08-15 06:22:20] [ERROR] [ren.errors]: Ollama HTTP 500: {"error":"llama-server process has terminated: exit status 1: ggml_backend_cpu_buffer_type_alloc_buffer: failed to allocate buffer of size 1327104000\nalloc_tensor_range: failed to allocate CPU_REPACK buffer of size 1327104000\nerror loading model: unable to allocate CPU_REPACK buffer"}
[2026-08-15 06:23:56] [ERROR] [ren.errors]: Ollama HTTP 500: {"error":"llama-server process has terminated: exit status 1: ggml_backend_cpu_buffer_type_alloc_buffer: failed to allocate buffer of size 596842496\nalloc_tensor_range: failed to allocate CPU buffer of size 596842496\nerror loading model: unable to allocate CPU buffer"}
[2026-08-15 06:25:18] [ERROR] [ren.errors]: Ollama HTTP 500: {"error":"llama-server process has terminated: exit status 1: ggml_backend_cpu_buffer_type_alloc_buffer: failed to allocate buffer of size 596842496\nalloc_tensor_range: failed to allocate CPU buffer of size 596842496\nerror loading model: unable to allocate CPU buffer"}
[2026-08-15 07:06:39] [ERROR] [ren.errors]: Ollama error on 'qwen2.5-coder:3b': Inference timed out
[2026-08-16 05:27:25] [ERROR] [ren.errors]: Ollama error on 'qwen2.5-coder:3b': Inference timed out
[2026-08-22 00:33:58] [ERROR] [ren.errors]: Database error during initialization: no such column: user_id. Attempting recovery...
[2026-08-22 00:33:58] [ERROR] [ren.errors]: Failed restoring backup: [WinError 32] The process cannot access the file because it is being used by another process: 'D:\\Coding projects\\REN-AI-main (1)\\REN-AI-main\\data\\ren_memory.db'
[2026-08-22 00:33:58] [ERROR] [ren.errors]: Database error during initialization: no such column: user_id. Attempting recovery...
[2026-08-22 00:33:58] [ERROR] [ren.errors]: Failed restoring backup: [WinError 32] The process cannot access the file because it is being used by another process: 'D:\\Coding projects\\REN-AI-main (1)\\REN-AI-main\\data\\ren_memory.db'
[2026-08-22 00:33:58] [ERROR] [ren.errors]: Database error during initialization: no such column: user_id. Attempting recovery...
[2026-08-22 00:33:58] [ERROR] [ren.errors]: Failed restoring backup: [WinError 32] The process cannot access the file because it is being used by another process: 'D:\\Coding projects\\REN-AI-main (1)\\REN-AI-main\\data\\ren_memory.db'
[2026-08-22 00:33:58] [ERROR] [ren.errors]: Database error during initialization: no such column: user_id. Attempting recovery...
[2026-08-22 00:33:58] [ERROR] [ren.errors]: Failed restoring backup: [WinError 32] The process cannot access the file because it is being used by another process: 'D:\\Coding projects\\REN-AI-main (1)\\REN-AI-main\\data\\ren_memory.db'
[2026-08-22 00:33:58] [ERROR] [ren.errors]: Database error during initialization: no such column: user_id. Attempting recovery...
[2026-08-22 00:33:58] [ERROR] [ren.errors]: Failed restoring backup: [WinError 32] The process cannot access the file because it is being used by another process: 'D:\\Coding projects\\REN-AI-main (1)\\REN-AI-main\\data\\ren_memory.db'
[2026-08-22 00:33:58] [ERROR] [ren.errors]: Database error during initialization: no such column: user_id. Attempting recovery...
[2026-08-22 00:33:58] [ERROR] [ren.errors]: Failed restoring backup: [WinError 32] The process cannot access the file because it is being used by another process: 'D:\\Coding projects\\REN-AI-main (1)\\REN-AI-main\\data\\ren_memory.db'
[2026-08-22 00:33:58] [ERROR] [ren.errors]: Database error during initialization: no such column: user_id. Attempting recovery...
[2026-08-22 00:33:58] [ERROR] [ren.errors]: Failed restoring backup: [WinError 32] The process cannot access the file because it is being used by another process: 'D:\\Coding projects\\REN-AI-main (1)\\REN-AI-main\\data\\ren_memory.db'
[2026-08-22 00:33:58] [ERROR] [ren.errors]: Database error during initialization: no such column: user_id. Attempting recovery...
[2026-08-22 00:33:58] [ERROR] [ren.errors]: Failed restoring backup: [WinError 32] The process cannot access the file because it is being used by another process: 'D:\\Coding projects\\REN-AI-main (1)\\REN-AI-main\\data\\ren_memory.db'
[2026-08-22 00:33:58] [ERROR] [ren.errors]: Database error during initialization: no such column: user_id. Attempting recovery...
[2026-08-22 00:33:58] [ERROR] [ren.errors]: Failed restoring backup: [WinError 32] The process cannot access the file because it is being used by another process: 'D:\\Coding projects\\REN-AI-main (1)\\REN-AI-main\\data\\ren_memory.db'
[2026-08-22 00:33:58] [ERROR] [ren.errors]: Database error during initialization: no such column: user_id. Attempting recovery...
[2026-08-22 00:33:58] [ERROR] [ren.errors]: Failed restoring backup: [WinError 32] The process cannot access the file because it is being used by another process: 'D:\\Coding projects\\REN-AI-main (1)\\REN-AI-main\\data\\ren_memory.db'
[2026-08-22 00:33:58] [ERROR] [ren.errors]: Database error during initialization: no such column: user_id. Attempting recovery...
[2026-08-22 00:33:58] [ERROR] [ren.errors]: Failed restoring backup: [WinError 32] The process cannot access the file because it is being used by another process: 'D:\\Coding projects\\REN-AI-main (1)\\REN-AI-main\\data\\ren_memory.db'
[2026-08-22 00:33:58] [ERROR] [ren.errors]: Database error during initialization: no such column: user_id. Attempting recovery...
[2026-08-22 00:33:58] [ERROR] [ren.errors]: Failed restoring backup: [WinError 32] The process cannot access the file because it is being used by another process: 'D:\\Coding projects\\REN-AI-main (1)\\REN-AI-main\\data\\ren_memory.db'
[2026-08-22 00:33:58] [ERROR] [ren.errors]: Database error during initialization: no such column: user_id. Attempting recovery...
[2026-08-22 00:33:58] [ERROR] [ren.errors]: Failed restoring backup: [WinError 32] The process cannot access the file because it is being used by another process: 'D:\\Coding projects\\REN-AI-main (1)\\REN-AI-main\\data\\ren_memory.db'
[2026-08-22 00:33:58] [ERROR] [ren.errors]: Database error during initialization: no such column: user_id. Attempting recovery...
[2026-08-22 00:33:58] [ERROR] [ren.errors]: Failed restoring backup: [WinError 32] The process cannot access the file because it is being used by another process: 'D:\\Coding projects\\REN-AI-main (1)\\REN-AI-main\\data\\ren_memory.db'
[2026-08-22 00:33:58] [ERROR] [ren.errors]: Database error during initialization: no such column: user_id. Attempting recovery...
[2026-08-22 00:33:58] [ERROR] [ren.errors]: Failed restoring backup: [WinError 32] The process cannot access the file because it is being used by another process: 'D:\\Coding projects\\REN-AI-main (1)\\REN-AI-main\\data\\ren_memory.db'
[2026-08-22 00:33:58] [ERROR] [ren.errors]: Database error during initialization: no such column: user_id. Attempting recovery...
[2026-08-22 00:33:58] [ERROR] [ren.errors]: Failed restoring backup: [WinError 32] The process cannot access the file because it is being used by another process: 'D:\\Coding projects\\REN-AI-main (1)\\REN-AI-main\\data\\ren_memory.db'
[2026-08-22 00:33:58] [ERROR] [ren.errors]: Database error during initialization: no such column: user_id. Attempting recovery...
[2026-08-22 00:33:58] [ERROR] [ren.errors]: Failed restoring backup: [WinError 32] The process cannot access the file because it is being used by another process: 'D:\\Coding projects\\REN-AI-main (1)\\REN-AI-main\\data\\ren_memory.db'
[2026-08-22 00:33:58] [ERROR] [ren.errors]: Database error during initialization: no such column: user_id. Attempting recovery...
[2026-08-22 00:33:58] [ERROR] [ren.errors]: Failed restoring backup: [WinError 32] The process cannot access the file because it is being used by another process: 'D:\\Coding projects\\REN-AI-main (1)\\REN-AI-main\\data\\ren_memory.db'
[2026-08-22 00:33:58] [ERROR] [ren.errors]: Database error during initialization: no such column: user_id. Attempting recovery...
[2026-08-22 00:33:58] [ERROR] [ren.errors]: Failed restoring backup: [WinError 32] The process cannot access the file because it is being used by another process: 'D:\\Coding projects\\REN-AI-main (1)\\REN-AI-main\\data\\ren_memory.db'
[2026-08-22 00:33:58] [ERROR] [ren.errors]: Database error during initialization: no such column: user_id. Attempting recovery...
[2026-08-22 00:33:58] [ERROR] [ren.errors]: Failed restoring backup: [WinError 32] The process cannot access the file because it is being used by another process: 'D:\\Coding projects\\REN-AI-main (1)\\REN-AI-main\\data\\ren_memory.db'
[2026-08-22 00:33:58] [ERROR] [ren.errors]: Database error during initialization: no such column: user_id. Attempting recovery...
[2026-08-22 00:33:58] [ERROR] [ren.errors]: Failed restoring backup: [WinError 32] The process cannot access the file because it is being used by another process: 'D:\\Coding projects\\REN-AI-main (1)\\REN-AI-main\\data\\ren_memory.db'
[2026-08-22 00:33:58] [ERROR] [ren.errors]: Database error during initialization: no such column: user_id. Attempting recovery...
[2026-08-22 00:33:58] [ERROR] [ren.errors]: Failed restoring backup: [WinError 32] The process cannot access the file because it is being used by another process: 'D:\\Coding projects\\REN-AI-main (1)\\REN-AI-main\\data\\ren_memory.db'
[2026-08-22 00:33:58] [ERROR] [ren.errors]: Database error during initialization: no such column: user_id. Attempting recovery...
[2026-08-22 00:33:58] [ERROR] [ren.errors]: Failed restoring backup: [WinError 32] The process cannot access the file because it is being used by another process: 'D:\\Coding projects\\REN-AI-main (1)\\REN-AI-main\\data\\ren_memory.db'
[2026-08-22 00:33:58] [ERROR] [ren.errors]: Database error during initialization: no such column: user_id. Attempting recovery...
[2026-08-22 00:33:58] [ERROR] [ren.errors]: Failed restoring backup: [WinError 32] The process cannot access the file because it is being used by another process: 'D:\\Coding projects\\REN-AI-main (1)\\REN-AI-main\\data\\ren_memory.db'
[2026-08-22 00:33:58] [ERROR] [ren.errors]: Database error during initialization: no such column: user_id. Attempting recovery...
[2026-08-22 00:33:58] [ERROR] [ren.errors]: Failed restoring backup: [WinError 32] The process cannot access the file because it is being used by another process: 'D:\\Coding projects\\REN-AI-main (1)\\REN-AI-main\\data\\ren_memory.db'
[2026-08-22 00:33:58] [ERROR] [ren.errors]: Database error during initialization: no such column: user_id. Attempting recovery...
[2026-08-22 00:33:58] [ERROR] [ren.errors]: Failed restoring backup: [WinError 32] The process cannot access the file because it is being used by another process: 'D:\\Coding projects\\REN-AI-main (1)\\REN-AI-main\\data\\ren_memory.db'
[2026-08-22 00:33:58] [ERROR] [ren.errors]: Database error during initialization: no such column: user_id. Attempting recovery...
[2026-08-22 00:33:58] [ERROR] [ren.errors]: Failed restoring backup: [WinError 32] The process cannot access the file because it is being used by another process: 'D:\\Coding projects\\REN-AI-main (1)\\REN-AI-main\\data\\ren_memory.db'
[2026-08-22 00:33:58] [ERROR] [ren.errors]: Database error during initialization: no such column: user_id. Attempting recovery...
[2026-08-22 00:33:58] [ERROR] [ren.errors]: Failed restoring backup: [WinError 32] The process cannot access the file because it is being used by another process: 'D:\\Coding projects\\REN-AI-main (1)\\REN-AI-main\\data\\ren_memory.db'
[2026-08-22 00:33:58] [ERROR] [ren.errors]: Database error during initialization: no such column: user_id. Attempting recovery...
[2026-08-22 00:33:58] [ERROR] [ren.errors]: Failed restoring backup: [WinError 32] The process cannot access the file because it is being used by another process: 'D:\\Coding projects\\REN-AI-main (1)\\REN-AI-main\\data\\ren_memory.db'
[2026-08-22 00:33:58] [ERROR] [ren.errors]: Database error during initialization: no such column: user_id. Attempting recovery...
[2026-08-22 00:33:58] [ERROR] [ren.errors]: Failed restoring backup: [WinError 32] The process cannot access the file because it is being used by another process: 'D:\\Coding projects\\REN-AI-main (1)\\REN-AI-main\\data\\ren_memory.db'
[2026-08-22 00:33:58] [ERROR] [ren.errors]: Database error during initialization: no such column: user_id. Attempting recovery...
[2026-08-22 00:33:58] [ERROR] [ren.errors]: Failed restoring backup: [WinError 32] The process cannot access the file because it is being used by another process: 'D:\\Coding projects\\REN-AI-main (1)\\REN-AI-main\\data\\ren_memory.db'
[2026-08-22 00:33:58] [ERROR] [ren.errors]: Database error during initialization: no such column: user_id. Attempting recovery...
[2026-08-22 00:33:58] [ERROR] [ren.errors]: Failed restoring backup: [WinError 32] The process cannot access the file because it is being used by another process: 'D:\\Coding projects\\REN-AI-main (1)\\REN-AI-main\\data\\ren_memory.db'
[2026-08-22 00:33:58] [ERROR] [ren.errors]: Database error during initialization: no such column: user_id. Attempting recovery...
[2026-08-22 00:33:58] [ERROR] [ren.errors]: Failed restoring backup: [WinError 32] The process cannot access the file because it is being used by another process: 'D:\\Coding projects\\REN-AI-main (1)\\REN-AI-main\\data\\ren_memory.db'
[2026-08-22 00:33:58] [ERROR] [ren.errors]: Database error during initialization: no such column: user_id. Attempting recovery...
[2026-08-22 00:33:58] [ERROR] [ren.errors]: Failed restoring backup: [WinError 32] The process cannot access the file because it is being used by another process: 'D:\\Coding projects\\REN-AI-main (1)\\REN-AI-main\\data\\ren_memory.db'
[2026-08-22 00:33:58] [ERROR] [ren.errors]: Database error during initialization: no such column: user_id. Attempting recovery...
[2026-08-22 00:33:58] [ERROR] [ren.errors]: Failed restoring backup: [WinError 32] The process cannot access the file because it is being used by another process: 'D:\\Coding projects\\REN-AI-main (1)\\REN-AI-main\\data\\ren_memory.db'
[2026-08-22 00:33:58] [ERROR] [ren.errors]: Database error during initialization: no such column: user_id. Attempting recovery...
[2026-08-22 00:33:58] [ERROR] [ren.errors]: Failed restoring backup: [WinError 32] The process cannot access the file because it is being used by another process: 'D:\\Coding projects\\REN-AI-main (1)\\REN-AI-main\\data\\ren_memory.db'
[2026-08-22 00:33:58] [ERROR] [ren.errors]: Database error during initialization: no such column: user_id. Attempting recovery...
[2026-08-22 00:33:58] [ERROR] [ren.errors]: Failed restoring backup: [WinError 32] The process cannot access the file because it is being used by another process: 'D:\\Coding projects\\REN-AI-main (1)\\REN-AI-main\\data\\ren_memory.db'
[2026-08-22 00:33:58] [ERROR] [ren.errors]: Database error during initialization: no such column: user_id. Attempting recovery...
[2026-08-22 00:33:58] [ERROR] [ren.errors]: Failed restoring backup: [WinError 32] The process cannot access the file because it is being used by another process: 'D:\\Coding projects\\REN-AI-main (1)\\REN-AI-main\\data\\ren_memory.db'
[2026-08-22 00:33:58] [ERROR] [ren.errors]: Database error during initialization: no such column: user_id. Attempting recovery...
[2026-08-22 00:33:58] [ERROR] [ren.errors]: Failed restoring backup: [WinError 32] The process cannot access the file because it is being used by another process: 'D:\\Coding projects\\REN-AI-main (1)\\REN-AI-main\\data\\ren_memory.db'
[2026-08-22 00:33:58] [ERROR] [ren.errors]: Database error during initialization: no such column: user_id. Attempting recovery...
[2026-08-22 00:33:58] [ERROR] [ren.errors]: Failed restoring backup: [WinError 32] The process cannot access the file because it is being used by another process: 'D:\\Coding projects\\REN-AI-main (1)\\REN-AI-main\\data\\ren_memory.db'
[2026-08-22 00:33:58] [ERROR] [ren.errors]: Database error during initialization: no such column: user_id. Attempting recovery...
[2026-08-22 00:33:58] [ERROR] [ren.errors]: Failed restoring backup: [WinError 32] The process cannot access the file because it is being used by another process: 'D:\\Coding projects\\REN-AI-main (1)\\REN-AI-main\\data\\ren_memory.db'
[2026-08-22 00:33:58] [ERROR] [ren.errors]: Database error during initialization: no such column: user_id. Attempting recovery...
[2026-08-22 00:33:58] [ERROR] [ren.errors]: Failed restoring backup: [WinError 32] The process cannot access the file because it is being used by another process: 'D:\\Coding projects\\REN-AI-main (1)\\REN-AI-main\\data\\ren_memory.db'
[2026-08-22 00:33:58] [ERROR] [ren.errors]: Database error during initialization: no such column: user_id. Attempting recovery...
[2026-08-22 00:33:58] [ERROR] [ren.errors]: Failed restoring backup: [WinError 32] The process cannot access the file because it is being used by another process: 'D:\\Coding projects\\REN-AI-main (1)\\REN-AI-main\\data\\ren_memory.db'
[2026-08-22 00:33:58] [ERROR] [ren.errors]: Database error during initialization: no such column: user_id. Attempting recovery...
[2026-08-22 00:33:58] [ERROR] [ren.errors]: Failed restoring backup: [WinError 32] The process cannot access the file because it is being used by another process: 'D:\\Coding projects\\REN-AI-main (1)\\REN-AI-main\\data\\ren_memory.db'
[2026-08-22 00:33:58] [ERROR] [ren.errors]: Database error during initialization: no such column: user_id. Attempting recovery...
[2026-08-22 00:33:58] [ERROR] [ren.errors]: Failed restoring backup: [WinError 32] The process cannot access the file because it is being used by another process: 'D:\\Coding projects\\REN-AI-main (1)\\REN-AI-main\\data\\ren_memory.db'
[2026-08-22 00:33:58] [ERROR] [ren.errors]: Database error during initialization: no such column: user_id. Attempting recovery...
[2026-08-22 00:33:58] [ERROR] [ren.errors]: Failed restoring backup: [WinError 32] The process cannot access the file because it is being used by another process: 'D:\\Coding projects\\REN-AI-main (1)\\REN-AI-main\\data\\ren_memory.db'
[2026-08-22 00:33:58] [ERROR] [ren.errors]: Database error during initialization: no such column: user_id. Attempting recovery...
[2026-08-22 00:33:58] [ERROR] [ren.errors]: Failed restoring backup: [WinError 32] The process cannot access the file because it is being used by another process: 'D:\\Coding projects\\REN-AI-main (1)\\REN-AI-main\\data\\ren_memory.db'
[2026-08-22 00:33:58] [ERROR] [ren.errors]: Database error during initialization: no such column: user_id. Attempting recovery...
[2026-08-22 00:33:58] [ERROR] [ren.errors]: Failed restoring backup: [WinError 32] The process cannot access the file because it is being used by another process: 'D:\\Coding projects\\REN-AI-main (1)\\REN-AI-main\\data\\ren_memory.db'
[2026-08-22 00:33:58] [ERROR] [ren.errors]: Database error during initialization: no such column: user_id. Attempting recovery...
[2026-08-22 00:33:58] [ERROR] [ren.errors]: Failed restoring backup: [WinError 32] The process cannot access the file because it is being used by another process: 'D:\\Coding projects\\REN-AI-main (1)\\REN-AI-main\\data\\ren_memory.db'
[2026-08-22 00:33:58] [ERROR] [ren.errors]: Database error during initialization: no such column: user_id. Attempting recovery...
[2026-08-22 00:33:58] [ERROR] [ren.errors]: Failed restoring backup: [WinError 32] The process cannot access the file because it is being used by another process: 'D:\\Coding projects\\REN-AI-main (1)\\REN-AI-main\\data\\ren_memory.db'
[2026-08-22 00:33:58] [ERROR] [ren.errors]: Database error during initialization: no such column: user_id. Attempting recovery...
[2026-08-22 00:33:58] [ERROR] [ren.errors]: Failed restoring backup: [WinError 32] The process cannot access the file because it is being used by another process: 'D:\\Coding projects\\REN-AI-main (1)\\REN-AI-main\\data\\ren_memory.db'
[2026-08-22 00:33:58] [ERROR] [ren.errors]: Database error during initialization: no such column: user_id. Attempting recovery...
[2026-08-22 00:33:58] [ERROR] [ren.errors]: Failed restoring backup: [WinError 32] The process cannot access the file because it is being used by another process: 'D:\\Coding projects\\REN-AI-main (1)\\REN-AI-main\\data\\ren_memory.db'
[2026-08-22 00:33:58] [ERROR] [ren.errors]: Database error during initialization: no such column: user_id. Attempting recovery...
[2026-08-22 00:33:58] [ERROR] [ren.errors]: Failed restoring backup: [WinError 32] The process cannot access the file because it is being used by another process: 'D:\\Coding projects\\REN-AI-main (1)\\REN-AI-main\\data\\ren_memory.db'
[2026-08-22 00:33:58] [ERROR] [ren.errors]: Database error during initialization: no such column: user_id. Attempting recovery...
[2026-08-22 00:33:58] [ERROR] [ren.errors]: Failed restoring backup: [WinError 32] The process cannot access the file because it is being used by another process: 'D:\\Coding projects\\REN-AI-main (1)\\REN-AI-main\\data\\ren_memory.db'
[2026-08-22 00:33:58] [ERROR] [ren.errors]: Database error during initialization: no such column: user_id. Attempting recovery...
[2026-08-22 00:33:58] [ERROR] [ren.errors]: Failed restoring backup: [WinError 32] The process cannot access the file because it is being used by another process: 'D:\\Coding projects\\REN-AI-main (1)\\REN-AI-main\\data\\ren_memory.db'
[2026-08-22 00:33:58] [ERROR] [ren.errors]: Database error during initialization: no such column: user_id. Attempting recovery...
[2026-08-22 00:33:58] [ERROR] [ren.errors]: Failed restoring backup: [WinError 32] The process cannot access the file because it is being used by another process: 'D:\\Coding projects\\REN-AI-main (1)\\REN-AI-main\\data\\ren_memory.db'
[2026-08-22 00:33:58] [ERROR] [ren.errors]: Database error during initialization: no such column: user_id. Attempting recovery...
[2026-08-22 00:33:58] [ERROR] [ren.errors]: Failed restoring backup: [WinError 32] The process cannot access the file because it is being used by another process: 'D:\\Coding projects\\REN-AI-main (1)\\REN-AI-main\\data\\ren_memory.db'
[2026-08-22 00:33:58] [ERROR] [ren.errors]: Database error during initialization: no such column: user_id. Attempting recovery...
[2026-08-22 00:33:58] [ERROR] [ren.errors]: Failed restoring backup: [WinError 32] The process cannot access the file because it is being used by another process: 'D:\\Coding projects\\REN-AI-main (1)\\REN-AI-main\\data\\ren_memory.db'
[2026-08-22 00:33:58] [ERROR] [ren.errors]: Database error during initialization: no such column: user_id. Attempting recovery...
[2026-08-22 00:33:58] [ERROR] [ren.errors]: Failed restoring backup: [WinError 32] The process cannot access the file because it is being used by another process: 'D:\\Coding projects\\REN-AI-main (1)\\REN-AI-main\\data\\ren_memory.db'
[2026-08-22 00:33:58] [ERROR] [ren.errors]: Database error during initialization: no such column: user_id. Attempting recovery...
[2026-08-22 00:33:58] [ERROR] [ren.errors]: Failed restoring backup: [WinError 32] The process cannot access the file because it is being used by another process: 'D:\\Coding projects\\REN-AI-main (1)\\REN-AI-main\\data\\ren_memory.db'
[2026-08-22 00:33:58] [ERROR] [ren.errors]: Database error during initialization: no such column: user_id. Attempting recovery...
[2026-08-22 00:33:58] [ERROR] [ren.errors]: Failed restoring backup: [WinError 32] The process cannot access the file because it is being used by another process: 'D:\\Coding projects\\REN-AI-main (1)\\REN-AI-main\\data\\ren_memory.db'
[2026-08-22 00:33:58] [ERROR] [ren.errors]: Database error during initialization: no such column: user_id. Attempting recovery...
[2026-08-22 00:33:58] [ERROR] [ren.errors]: Failed restoring backup: [WinError 32] The process cannot access the file because it is being used by another process: 'D:\\Coding projects\\REN-AI-main (1)\\REN-AI-main\\data\\ren_memory.db'
[2026-08-22 00:33:58] [ERROR] [ren.errors]: Database error during initialization: no such column: user_id. Attempting recovery...
[2026-08-22 00:33:58] [ERROR] [ren.errors]: Failed restoring backup: [WinError 32] The process cannot access the file because it is being used by another process: 'D:\\Coding projects\\REN-AI-main (1)\\REN-AI-main\\data\\ren_memory.db'
[2026-08-22 00:33:58] [ERROR] [ren.errors]: Database error during initialization: no such column: user_id. Attempting recovery...
[2026-08-22 00:33:58] [ERROR] [ren.errors]: Failed restoring backup: [WinError 32] The process cannot access the file because it is being used by another process: 'D:\\Coding projects\\REN-AI-main (1)\\REN-AI-main\\data\\ren_memory.db'
[2026-08-22 00:33:58] [ERROR] [ren.errors]: Database error during initialization: no such column: user_id. Attempting recovery...
[2026-08-22 00:33:58] [ERROR] [ren.errors]: Failed restoring backup: [WinError 32] The process cannot access the file because it is being used by another process: 'D:\\Coding projects\\REN-AI-main (1)\\REN-AI-main\\data\\ren_memory.db'
[2026-08-22 00:33:58] [ERROR] [ren.errors]: Database error during initialization: no such column: user_id. Attempting recovery...
[2026-08-22 00:33:58] [ERROR] [ren.errors]: Failed restoring backup: [WinError 32] The process cannot access the file because it is being used by another process: 'D:\\Coding projects\\REN-AI-main (1)\\REN-AI-main\\data\\ren_memory.db'
[2026-08-22 00:33:58] [ERROR] [ren.errors]: Database error during initialization: no such column: user_id. Attempting recovery...
[2026-08-22 00:33:58] [ERROR] [ren.errors]: Failed restoring backup: [WinError 32] The process cannot access the file because it is being used by another process: 'D:\\Coding projects\\REN-AI-main (1)\\REN-AI-main\\data\\ren_memory.db'
[2026-08-22 00:33:58] [ERROR] [ren.errors]: Database error during initialization: no such column: user_id. Attempting recovery...
[2026-08-22 00:33:58] [ERROR] [ren.errors]: Failed restoring backup: [WinError 32] The process cannot access the file because it is being used by another process: 'D:\\Coding projects\\REN-AI-main (1)\\REN-AI-main\\data\\ren_memory.db'
[2026-08-22 00:33:58] [ERROR] [ren.errors]: Database error during initialization: no such column: user_id. Attempting recovery...
[2026-08-22 00:33:58] [ERROR] [ren.errors]: Failed restoring backup: [WinError 32] The process cannot access the file because it is being used by another process: 'D:\\Coding projects\\REN-AI-main (1)\\REN-AI-main\\data\\ren_memory.db'
[2026-08-22 00:33:58] [ERROR] [ren.errors]: Database error during initialization: no such column: user_id. Attempting recovery...
[2026-08-22 00:33:58] [ERROR] [ren.errors]: Failed restoring backup: [WinError 32] The process cannot access the file because it is being used by another process: 'D:\\Coding projects\\REN-AI-main (1)\\REN-AI-main\\data\\ren_memory.db'
[2026-08-22 00:33:58] [ERROR] [ren.errors]: Database error during initialization: no such column: user_id. Attempting recovery...
[2026-08-22 00:33:58] [ERROR] [ren.errors]: Failed restoring backup: [WinError 32] The process cannot access the file because it is being used by another process: 'D:\\Coding projects\\REN-AI-main (1)\\REN-AI-main\\data\\ren_memory.db'
[2026-08-22 00:33:58] [ERROR] [ren.errors]: Database error during initialization: no such column: user_id. Attempting recovery...
[2026-08-22 00:33:58] [ERROR] [ren.errors]: Failed restoring backup: [WinError 32] The process cannot access the file because it is being used by another process: 'D:\\Coding projects\\REN-AI-main (1)\\REN-AI-main\\data\\ren_memory.db'
[2026-08-22 00:33:58] [ERROR] [ren.errors]: Database error during initialization: no such column: user_id. Attempting recovery...
[2026-08-22 00:33:58] [ERROR] [ren.errors]: Failed restoring backup: [WinError 32] The process cannot access the file because it is being used by another process: 'D:\\Coding projects\\REN-AI-main (1)\\REN-AI-main\\data\\ren_memory.db'
[2026-08-22 00:33:58] [ERROR] [ren.errors]: Database error during initialization: no such column: user_id. Attempting recovery...
[2026-08-22 00:33:58] [ERROR] [ren.errors]: Failed restoring backup: [WinError 32] The process cannot access the file because it is being used by another process: 'D:\\Coding projects\\REN-AI-main (1)\\REN-AI-main\\data\\ren_memory.db'
[2026-08-22 00:33:58] [ERROR] [ren.errors]: Database error during initialization: no such column: user_id. Attempting recovery...
[2026-08-22 00:33:58] [ERROR] [ren.errors]: Failed restoring backup: [WinError 32] The process cannot access the file because it is being used by another process: 'D:\\Coding projects\\REN-AI-main (1)\\REN-AI-main\\data\\ren_memory.db'
[2026-08-22 00:33:58] [ERROR] [ren.errors]: Database error during initialization: no such column: user_id. Attempting recovery...
[2026-08-22 00:33:58] [ERROR] [ren.errors]: Failed restoring backup: [WinError 32] The process cannot access the file because it is being used by another process: 'D:\\Coding projects\\REN-AI-main (1)\\REN-AI-main\\data\\ren_memory.db'
[2026-08-22 00:33:58] [ERROR] [ren.errors]: Database error during initialization: no such column: user_id. Attempting recovery...
[2026-08-22 00:33:58] [ERROR] [ren.errors]: Failed restoring backup: [WinError 32] The process cannot access the file because it is being used by another process: 'D:\\Coding projects\\REN-AI-main (1)\\REN-AI-main\\data\\ren_memory.db'
[2026-08-22 00:33:58] [ERROR] [ren.errors]: Database error during initialization: no such column: user_id. Attempting recovery...
[2026-08-22 00:33:58] [ERROR] [ren.errors]: Failed restoring backup: [WinError 32] The process cannot access the file because it is being used by another process: 'D:\\Coding projects\\REN-AI-main (1)\\REN-AI-main\\data\\ren_memory.db'
[2026-08-22 00:33:58] [ERROR] [ren.errors]: Database error during initialization: no such column: user_id. Attempting recovery...
[2026-08-22 00:33:58] [ERROR] [ren.errors]: Failed restoring backup: [WinError 32] The process cannot access the file because it is being used by another process: 'D:\\Coding projects\\REN-AI-main (1)\\REN-AI-main\\data\\ren_memory.db'
[2026-08-22 00:33:58] [ERROR] [ren.errors]: Database error during initialization: no such column: user_id. Attempting recovery...
[2026-08-22 00:33:58] [ERROR] [ren.errors]: Failed restoring backup: [WinError 32] The process cannot access the file because it is being used by another process: 'D:\\Coding projects\\REN-AI-main (1)\\REN-AI-main\\data\\ren_memory.db'
[2026-08-22 00:33:58] [ERROR] [ren.errors]: Database error during initialization: no such column: user_id. Attempting recovery...
[2026-08-22 00:33:58] [ERROR] [ren.errors]: Failed restoring backup: [WinError 32] The process cannot access the file because it is being used by another process: 'D:\\Coding projects\\REN-AI-main (1)\\REN-AI-main\\data\\ren_memory.db'
[2026-08-22 00:33:58] [ERROR] [ren.errors]: Database error during initialization: no such column: user_id. Attempting recovery...
[2026-08-22 00:33:58] [ERROR] [ren.errors]: Failed restoring backup: [WinError 32] The process cannot access the file because it is being used by another process: 'D:\\Coding projects\\REN-AI-main (1)\\REN-AI-main\\data\\ren_memory.db'
[2026-08-22 00:33:58] [ERROR] [ren.errors]: Database error during initialization: no such column: user_id. Attempting recovery...
[2026-08-22 00:33:58] [ERROR] [ren.errors]: Failed restoring backup: [WinError 32] The process cannot access the file because it is being used by another process: 'D:\\Coding projects\\REN-AI-main (1)\\REN-AI-main\\data\\ren_memory.db'
[2026-08-22 00:33:58] [ERROR] [ren.errors]: Database error during initialization: no such column: user_id. Attempting recovery...
[2026-08-22 00:33:58] [ERROR] [ren.errors]: Failed restoring backup: [WinError 32] The process cannot access the file because it is being used by another process: 'D:\\Coding projects\\REN-AI-main (1)\\REN-AI-main\\data\\ren_memory.db'
[2026-08-22 00:33:58] [ERROR] [ren.errors]: Database error during initialization: no such column: user_id. Attempting recovery...
[2026-08-22 00:33:58] [ERROR] [ren.errors]: Failed restoring backup: [WinError 32] The process cannot access the file because it is being used by another process: 'D:\\Coding projects\\REN-AI-main (1)\\REN-AI-main\\data\\ren_memory.db'
[2026-08-22 00:33:58] [ERROR] [ren.errors]: Database error during initialization: no such column: user_id. Attempting recovery...
[2026-08-22 00:33:58] [ERROR] [ren.errors]: Failed restoring backup: [WinError 32] The process cannot access the file because it is being used by another process: 'D:\\Coding projects\\REN-AI-main (1)\\REN-AI-main\\data\\ren_memory.db'
[2026-08-22 00:33:58] [ERROR] [ren.errors]: Database error during initialization: no such column: user_id. Attempting recovery...
[2026-08-22 00:33:58] [ERROR] [ren.errors]: Failed restoring backup: [WinError 32] The process cannot access the file because it is being used by another process: 'D:\\Coding projects\\REN-AI-main (1)\\REN-AI-main\\data\\ren_memory.db'
[2026-08-22 00:33:58] [ERROR] [ren.errors]: Database error during initialization: no such column: user_id. Attempting recovery...
[2026-08-22 00:33:58] [ERROR] [ren.errors]: Failed restoring backup: [WinError 32] The process cannot access the file because it is being used by another process: 'D:\\Coding projects\\REN-AI-main (1)\\REN-AI-main\\data\\ren_memory.db'
[2026-08-22 00:33:58] [ERROR] [ren.errors]: Database error during initialization: no such column: user_id. Attempting recovery...
[2026-08-22 00:33:58] [ERROR] [ren.errors]: Failed restoring backup: [WinError 32] The process cannot access the file because it is being used by another process: 'D:\\Coding projects\\REN-AI-main (1)\\REN-AI-main\\data\\ren_memory.db'
[2026-08-22 00:33:58] [ERROR] [ren.errors]: Database error during initialization: no such column: user_id. Attempting recovery...
[2026-08-22 00:33:58] [ERROR] [ren.errors]: Failed restoring backup: [WinError 32] The process cannot access the file because it is being used by another process: 'D:\\Coding projects\\REN-AI-main (1)\\REN-AI-main\\data\\ren_memory.db'
[2026-08-22 00:33:58] [ERROR] [ren.errors]: Database error during initialization: no such column: user_id. Attempting recovery...
[2026-08-22 00:33:58] [ERROR] [ren.errors]: Failed restoring backup: [WinError 32] The process cannot access the file because it is being used by another process: 'D:\\Coding projects\\REN-AI-main (1)\\REN-AI-main\\data\\ren_memory.db'
[2026-08-22 00:33:58] [ERROR] [ren.errors]: Database error during initialization: no such column: user_id. Attempting recovery...
[2026-08-22 00:33:58] [ERROR] [ren.errors]: Failed restoring backup: [WinError 32] The process cannot access the file because it is being used by another process: 'D:\\Coding projects\\REN-AI-main (1)\\REN-AI-main\\data\\ren_memory.db'
[2026-08-22 00:33:58] [ERROR] [ren.errors]: Database error during initialization: no such column: user_id. Attempting recovery...
[2026-08-22 00:33:58] [ERROR] [ren.errors]: Failed restoring backup: [WinError 32] The process cannot access the file because it is being used by another process: 'D:\\Coding projects\\REN-AI-main (1)\\REN-AI-main\\data\\ren_memory.db'
[2026-08-22 00:33:58] [ERROR] [ren.errors]: Database error during initialization: no such column: user_id. Attempting recovery...
[2026-08-22 00:33:58] [ERROR] [ren.errors]: Failed restoring backup: [WinError 32] The process cannot access the file because it is being used by another process: 'D:\\Coding projects\\REN-AI-main (1)\\REN-AI-main\\data\\ren_memory.db'
[2026-08-22 00:33:58] [ERROR] [ren.errors]: Database error during initialization: no such column: user_id. Attempting recovery...
[2026-08-22 00:33:58] [ERROR] [ren.errors]: Failed restoring backup: [WinError 32] The process cannot access the file because it is being used by another process: 'D:\\Coding projects\\REN-AI-main (1)\\REN-AI-main\\data\\ren_memory.db'
[2026-08-22 00:33:58] [ERROR] [ren.errors]: Database error during initialization: no such column: user_id. Attempting recovery...
[2026-08-22 00:33:58] [ERROR] [ren.errors]: Failed restoring backup: [WinError 32] The process cannot access the file because it is being used by another process: 'D:\\Coding projects\\REN-AI-main (1)\\REN-AI-main\\data\\ren_memory.db'
[2026-08-22 00:33:58] [ERROR] [ren.errors]: Database error during initialization: no such column: user_id. Attempting recovery...
[2026-08-22 00:33:58] [ERROR] [ren.errors]: Failed restoring backup: [WinError 32] The process cannot access the file because it is being used by another process: 'D:\\Coding projects\\REN-AI-main (1)\\REN-AI-main\\data\\ren_memory.db'
[2026-08-22 00:33:58] [ERROR] [ren.errors]: Database error during initialization: no such column: user_id. Attempting recovery...
[2026-08-22 00:33:59] [ERROR] [ren.errors]: Failed restoring backup: [WinError 32] The process cannot access the file because it is being used by another process: 'D:\\Coding projects\\REN-AI-main (1)\\REN-AI-main\\data\\ren_memory.db'
[2026-08-22 00:33:59] [ERROR] [ren.errors]: Database error during initialization: no such column: user_id. Attempting recovery...
[2026-08-22 00:33:59] [ERROR] [ren.errors]: Failed restoring backup: [WinError 32] The process cannot access the file because it is being used by another process: 'D:\\Coding projects\\REN-AI-main (1)\\REN-AI-main\\data\\ren_memory.db'
[2026-08-22 00:33:59] [ERROR] [ren.errors]: Database error during initialization: no such column: user_id. Attempting recovery...
[2026-08-22 00:33:59] [ERROR] [ren.errors]: Failed restoring backup: [WinError 32] The process cannot access the file because it is being used by another process: 'D:\\Coding projects\\REN-AI-main (1)\\REN-AI-main\\data\\ren_memory.db'
[2026-08-22 00:33:59] [ERROR] [ren.errors]: Database error during initialization: no such column: user_id. Attempting recovery...
[2026-08-22 00:33:59] [ERROR] [ren.errors]: Failed restoring backup: [WinError 32] The process cannot access the file because it is being used by another process: 'D:\\Coding projects\\REN-AI-main (1)\\REN-AI-main\\data\\ren_memory.db'
[2026-08-22 00:33:59] [ERROR] [ren.errors]: Database error during initialization: no such column: user_id. Attempting recovery...
[2026-08-22 00:33:59] [ERROR] [ren.errors]: Failed restoring backup: [WinError 32] The process cannot access the file because it is being used by another process: 'D:\\Coding projects\\REN-AI-main (1)\\REN-AI-main\\data\\ren_memory.db'
[2026-08-22 00:33:59] [ERROR] [ren.errors]: Database error during initialization: no such column: user_id. Attempting recovery...
[2026-08-22 00:33:59] [ERROR] [ren.errors]: Failed restoring backup: [WinError 32] The process cannot access the file because it is being used by another process: 'D:\\Coding projects\\REN-AI-main (1)\\REN-AI-main\\data\\ren_memory.db'
[2026-08-22 00:33:59] [ERROR] [ren.errors]: Database error during initialization: no such column: user_id. Attempting recovery...
[2026-08-22 00:33:59] [ERROR] [ren.errors]: Failed restoring backup: [WinError 32] The process cannot access the file because it is being used by another process: 'D:\\Coding projects\\REN-AI-main (1)\\REN-AI-main\\data\\ren_memory.db'
[2026-08-22 00:33:59] [ERROR] [ren.errors]: Database error during initialization: no such column: user_id. Attempting recovery...
[2026-08-22 00:33:59] [ERROR] [ren.errors]: Failed restoring backup: [WinError 32] The process cannot access the file because it is being used by another process: 'D:\\Coding projects\\REN-AI-main (1)\\REN-AI-main\\data\\ren_memory.db'
[2026-08-22 00:33:59] [ERROR] [ren.errors]: Database error during initialization: no such column: user_id. Attempting recovery...
[2026-08-22 00:33:59] [ERROR] [ren.errors]: Failed restoring backup: [WinError 32] The process cannot access the file because it is being used by another process: 'D:\\Coding projects\\REN-AI-main (1)\\REN-AI-main\\data\\ren_memory.db'
[2026-08-22 00:33:59] [ERROR] [ren.errors]: Database error during initialization: no such column: user_id. Attempting recovery...
[2026-08-22 00:33:59] [ERROR] [ren.errors]: Failed restoring backup: [WinError 32] The process cannot access the file because it is being used by another process: 'D:\\Coding projects\\REN-AI-main (1)\\REN-AI-main\\data\\ren_memory.db'
[2026-08-22 00:33:59] [ERROR] [ren.errors]: Database error during initialization: no such column: user_id. Attempting recovery...
[2026-08-22 00:33:59] [ERROR] [ren.errors]: Failed restoring backup: [WinError 32] The process cannot access the file because it is being used by another process: 'D:\\Coding projects\\REN-AI-main (1)\\REN-AI-main\\data\\ren_memory.db'
[2026-08-22 00:33:59] [ERROR] [ren.errors]: Database error during initialization: no such column: user_id. Attempting recovery...
[2026-08-22 00:33:59] [ERROR] [ren.errors]: Failed restoring backup: [WinError 32] The process cannot access the file because it is being used by another process: 'D:\\Coding projects\\REN-AI-main (1)\\REN-AI-main\\data\\ren_memory.db'
[2026-08-22 00:33:59] [ERROR] [ren.errors]: Database error during initialization: no such column: user_id. Attempting recovery...
[2026-08-22 00:33:59] [ERROR] [ren.errors]: Failed restoring backup: [WinError 32] The process cannot access the file because it is being used by another process: 'D:\\Coding projects\\REN-AI-main (1)\\REN-AI-main\\data\\ren_memory.db'
[2026-08-22 00:33:59] [ERROR] [ren.errors]: Database error during initialization: no such column: user_id. Attempting recovery...
[2026-08-22 00:33:59] [ERROR] [ren.errors]: Failed restoring backup: [WinError 32] The process cannot access the file because it is being used by another process: 'D:\\Coding projects\\REN-AI-main (1)\\REN-AI-main\\data\\ren_memory.db'
[2026-08-22 00:33:59] [ERROR] [ren.errors]: Database error during initialization: no such column: user_id. Attempting recovery...
[2026-08-22 00:33:59] [ERROR] [ren.errors]: Failed restoring backup: [WinError 32] The process cannot access the file because it is being used by another process: 'D:\\Coding projects\\REN-AI-main (1)\\REN-AI-main\\data\\ren_memory.db'
[2026-08-22 00:33:59] [ERROR] [ren.errors]: Database error during initialization: no such column: user_id. Attempting recovery...
[2026-08-22 00:33:59] [ERROR] [ren.errors]: Failed restoring backup: [WinError 32] The process cannot access the file because it is being used by another process: 'D:\\Coding projects\\REN-AI-main (1)\\REN-AI-main\\data\\ren_memory.db'
[2026-08-22 00:33:59] [ERROR] [ren.errors]: Database error during initialization: no such column: user_id. Attempting recovery...
[2026-08-22 00:33:59] [ERROR] [ren.errors]: Failed restoring backup: [WinError 32] The process cannot access the file because it is being used by another process: 'D:\\Coding projects\\REN-AI-main (1)\\REN-AI-main\\data\\ren_memory.db'
[2026-08-22 00:33:59] [ERROR] [ren.errors]: Database error during initialization: no such column: user_id. Attempting recovery...
[2026-08-22 00:33:59] [ERROR] [ren.errors]: Failed restoring backup: [WinError 32] The process cannot access the file because it is being used by another process: 'D:\\Coding projects\\REN-AI-main (1)\\REN-AI-main\\data\\ren_memory.db'
[2026-08-22 00:33:59] [ERROR] [ren.errors]: Database error during initialization: no such column: user_id. Attempting recovery...
[2026-08-22 00:33:59] [ERROR] [ren.errors]: Failed restoring backup: [WinError 32] The process cannot access the file because it is being used by another process: 'D:\\Coding projects\\REN-AI-main (1)\\REN-AI-main\\data\\ren_memory.db'
[2026-08-22 00:33:59] [ERROR] [ren.errors]: Database error during initialization: no such column: user_id. Attempting recovery...
[2026-08-22 00:33:59] [ERROR] [ren.errors]: Failed restoring backup: [WinError 32] The process cannot access the file because it is being used by another process: 'D:\\Coding projects\\REN-AI-main (1)\\REN-AI-main\\data\\ren_memory.db'
[2026-08-22 00:33:59] [ERROR] [ren.errors]: Database error during initialization: no such column: user_id. Attempting recovery...
[2026-08-22 00:33:59] [ERROR] [ren.errors]: Failed restoring backup: [WinError 32] The process cannot access the file because it is being used by another process: 'D:\\Coding projects\\REN-AI-main (1)\\REN-AI-main\\data\\ren_memory.db'
[2026-08-22 00:33:59] [ERROR] [ren.errors]: Database error during initialization: no such column: user_id. Attempting recovery...
[2026-08-22 00:33:59] [ERROR] [ren.errors]: Failed restoring backup: [WinError 32] The process cannot access the file because it is being used by another process: 'D:\\Coding projects\\REN-AI-main (1)\\REN-AI-main\\data\\ren_memory.db'
[2026-08-22 00:33:59] [ERROR] [ren.errors]: Database error during initialization: no such column: user_id. Attempting recovery...
[2026-08-22 00:33:59] [ERROR] [ren.errors]: Failed restoring backup: [WinError 32] The process cannot access the file because it is being used by another process: 'D:\\Coding projects\\REN-AI-main (1)\\REN-AI-main\\data\\ren_memory.db'
[2026-08-22 00:33:59] [ERROR] [ren.errors]: Database error during initialization: no such column: user_id. Attempting recovery...
[2026-08-22 00:33:59] [ERROR] [ren.errors]: Failed restoring backup: [WinError 32] The process cannot access the file because it is being used by another process: 'D:\\Coding projects\\REN-AI-main (1)\\REN-AI-main\\data\\ren_memory.db'
[2026-08-22 00:33:59] [ERROR] [ren.errors]: Database error during initialization: no such column: user_id. Attempting recovery...
[2026-08-22 00:33:59] [ERROR] [ren.errors]: Failed restoring backup: [WinError 32] The process cannot access the file because it is being used by another process: 'D:\\Coding projects\\REN-AI-main (1)\\REN-AI-main\\data\\ren_memory.db'
[2026-08-22 00:33:59] [ERROR] [ren.errors]: Database error during initialization: no such column: user_id. Attempting recovery...
[2026-08-22 00:33:59] [ERROR] [ren.errors]: Failed restoring backup: [WinError 32] The process cannot access the file because it is being used by another process: 'D:\\Coding projects\\REN-AI-main (1)\\REN-AI-main\\data\\ren_memory.db'
[2026-08-22 00:33:59] [ERROR] [ren.errors]: Database error during initialization: no such column: user_id. Attempting recovery...
[2026-08-22 00:33:59] [ERROR] [ren.errors]: Failed restoring backup: [WinError 32] The process cannot access the file because it is being used by another process: 'D:\\Coding projects\\REN-AI-main (1)\\REN-AI-main\\data\\ren_memory.db'
[2026-08-22 00:33:59] [ERROR] [ren.errors]: Database error during initialization: no such column: user_id. Attempting recovery...
[2026-08-22 00:33:59] [ERROR] [ren.errors]: Failed restoring backup: [WinError 32] The process cannot access the file because it is being used by another process: 'D:\\Coding projects\\REN-AI-main (1)\\REN-AI-main\\data\\ren_memory.db'
[2026-08-22 00:33:59] [ERROR] [ren.errors]: Database error during initialization: no such column: user_id. Attempting recovery...
[2026-08-22 00:33:59] [ERROR] [ren.errors]: Failed restoring backup: [WinError 32] The process cannot access the file because it is being used by another process: 'D:\\Coding projects\\REN-AI-main (1)\\REN-AI-main\\data\\ren_memory.db'
[2026-08-22 00:33:59] [ERROR] [ren.errors]: Database error during initialization: no such column: user_id. Attempting recovery...
[2026-08-22 00:33:59] [ERROR] [ren.errors]: Failed restoring backup: [WinError 32] The process cannot access the file because it is being used by another process: 'D:\\Coding projects\\REN-AI-main (1)\\REN-AI-main\\data\\ren_memory.db'
[2026-08-22 00:33:59] [ERROR] [ren.errors]: Database error during initialization: no such column: user_id. Attempting recovery...
[2026-08-22 00:33:59] [ERROR] [ren.errors]: Failed restoring backup: [WinError 32] The process cannot access the file because it is being used by another process: 'D:\\Coding projects\\REN-AI-main (1)\\REN-AI-main\\data\\ren_memory.db'
[2026-08-22 00:33:59] [ERROR] [ren.errors]: Database error during initialization: no such column: user_id. Attempting recovery...
[2026-08-22 00:33:59] [ERROR] [ren.errors]: Failed restoring backup: [WinError 32] The process cannot access the file because it is being used by another process: 'D:\\Coding projects\\REN-AI-main (1)\\REN-AI-main\\data\\ren_memory.db'
[2026-08-22 00:33:59] [ERROR] [ren.errors]: Database error during initialization: no such column: user_id. Attempting recovery...
[2026-08-22 00:33:59] [ERROR] [ren.errors]: Failed restoring backup: [WinError 32] The process cannot access the file because it is being used by another process: 'D:\\Coding projects\\REN-AI-main (1)\\REN-AI-main\\data\\ren_memory.db'
[2026-08-22 00:33:59] [ERROR] [ren.errors]: Database error during initialization: no such column: user_id. Attempting recovery...
[2026-08-22 00:33:59] [ERROR] [ren.errors]: Failed restoring backup: [WinError 32] The process cannot access the file because it is being used by another process: 'D:\\Coding projects\\REN-AI-main (1)\\REN-AI-main\\data\\ren_memory.db'
[2026-08-22 00:33:59] [ERROR] [ren.errors]: Database error during initialization: no such column: user_id. Attempting recovery...
[2026-08-22 00:33:59] [ERROR] [ren.errors]: Failed restoring backup: [WinError 32] The process cannot access the file because it is being used by another process: 'D:\\Coding projects\\REN-AI-main (1)\\REN-AI-main\\data\\ren_memory.db'
[2026-08-22 00:33:59] [ERROR] [ren.errors]: Database error during initialization: no such column: user_id. Attempting recovery...
[2026-08-22 00:33:59] [ERROR] [ren.errors]: Failed restoring backup: [WinError 32] The process cannot access the file because it is being used by another process: 'D:\\Coding projects\\REN-AI-main (1)\\REN-AI-main\\data\\ren_memory.db'
[2026-08-22 00:33:59] [ERROR] [ren.errors]: Database error during initialization: no such column: user_id. Attempting recovery...
[2026-08-22 00:33:59] [ERROR] [ren.errors]: Failed restoring backup: [WinError 32] The process cannot access the file because it is being used by another process: 'D:\\Coding projects\\REN-AI-main (1)\\REN-AI-main\\data\\ren_memory.db'
[2026-08-22 00:33:59] [ERROR] [ren.errors]: Database error during initialization: no such column: user_id. Attempting recovery...
[2026-08-22 00:33:59] [ERROR] [ren.errors]: Failed restoring backup: [WinError 32] The process cannot access the file because it is being used by another process: 'D:\\Coding projects\\REN-AI-main (1)\\REN-AI-main\\data\\ren_memory.db'
[2026-08-22 00:33:59] [ERROR] [ren.errors]: Database error during initialization: no such column: user_id. Attempting recovery...
[2026-08-22 00:33:59] [ERROR] [ren.errors]: Failed restoring backup: [WinError 32] The process cannot access the file because it is being used by another process: 'D:\\Coding projects\\REN-AI-main (1)\\REN-AI-main\\data\\ren_memory.db'
[2026-08-22 00:33:59] [ERROR] [ren.errors]: Database error during initialization: no such column: user_id. Attempting recovery...
[2026-08-22 00:33:59] [ERROR] [ren.errors]: Failed restoring backup: [WinError 32] The process cannot access the file because it is being used by another process: 'D:\\Coding projects\\REN-AI-main (1)\\REN-AI-main\\data\\ren_memory.db'
[2026-08-22 00:33:59] [ERROR] [ren.errors]: Database error during initialization: no such column: user_id. Attempting recovery...
[2026-08-22 00:33:59] [ERROR] [ren.errors]: Failed restoring backup: [WinError 32] The process cannot access the file because it is being used by another process: 'D:\\Coding projects\\REN-AI-main (1)\\REN-AI-main\\data\\ren_memory.db'
[2026-08-22 00:33:59] [ERROR] [ren.errors]: Database error during initialization: no such column: user_id. Attempting recovery...
[2026-08-22 00:33:59] [ERROR] [ren.errors]: Failed restoring backup: [WinError 32] The process cannot access the file because it is being used by another process: 'D:\\Coding projects\\REN-AI-main (1)\\REN-AI-main\\data\\ren_memory.db'
[2026-08-22 00:33:59] [ERROR] [ren.errors]: Database error during initialization: no such column: user_id. Attempting recovery...
[2026-08-22 00:33:59] [ERROR] [ren.errors]: Failed restoring backup: [WinError 32] The process cannot access the file because it is being used by another process: 'D:\\Coding projects\\REN-AI-main (1)\\REN-AI-main\\data\\ren_memory.db'
[2026-08-22 00:33:59] [ERROR] [ren.errors]: Database error during initialization: no such column: user_id. Attempting recovery...
[2026-08-22 00:33:59] [ERROR] [ren.errors]: Failed restoring backup: [WinError 32] The process cannot access the file because it is being used by another process: 'D:\\Coding projects\\REN-AI-main (1)\\REN-AI-main\\data\\ren_memory.db'
[2026-08-22 00:33:59] [ERROR] [ren.errors]: Database error during initialization: no such column: user_id. Attempting recovery...
[2026-08-22 00:33:59] [ERROR] [ren.errors]: Failed restoring backup: [WinError 32] The process cannot access the file because it is being used by another process: 'D:\\Coding projects\\REN-AI-main (1)\\REN-AI-main\\data\\ren_memory.db'
[2026-08-22 00:33:59] [ERROR] [ren.errors]: Database error during initialization: no such column: user_id. Attempting recovery...
[2026-08-22 00:33:59] [ERROR] [ren.errors]: Failed restoring backup: [WinError 32] The process cannot access the file because it is being used by another process: 'D:\\Coding projects\\REN-AI-main (1)\\REN-AI-main\\data\\ren_memory.db'
[2026-08-22 00:33:59] [ERROR] [ren.errors]: Database error during initialization: no such column: user_id. Attempting recovery...
[2026-08-22 00:33:59] [ERROR] [ren.errors]: Failed restoring backup: [WinError 32] The process cannot access the file because it is being used by another process: 'D:\\Coding projects\\REN-AI-main (1)\\REN-AI-main\\data\\ren_memory.db'
[2026-08-22 00:33:59] [ERROR] [ren.errors]: Database error during initialization: no such column: user_id. Attempting recovery...
[2026-08-22 00:33:59] [ERROR] [ren.errors]: Failed restoring backup: [WinError 32] The process cannot access the file because it is being used by another process: 'D:\\Coding projects\\REN-AI-main (1)\\REN-AI-main\\data\\ren_memory.db'
[2026-08-22 00:33:59] [ERROR] [ren.errors]: Database error during initialization: no such column: user_id. Attempting recovery...
[2026-08-22 00:33:59] [ERROR] [ren.errors]: Failed restoring backup: [WinError 32] The process cannot access the file because it is being used by another process: 'D:\\Coding projects\\REN-AI-main (1)\\REN-AI-main\\data\\ren_memory.db'
[2026-08-22 00:33:59] [ERROR] [ren.errors]: Database error during initialization: no such column: user_id. Attempting recovery...
[2026-08-22 00:33:59] [ERROR] [ren.errors]: Failed restoring backup: [WinError 32] The process cannot access the file because it is being used by another process: 'D:\\Coding projects\\REN-AI-main (1)\\REN-AI-main\\data\\ren_memory.db'
[2026-08-22 00:33:59] [ERROR] [ren.errors]: Database error during initialization: no such column: user_id. Attempting recovery...
[2026-08-22 00:33:59] [ERROR] [ren.errors]: Failed restoring backup: [WinError 32] The process cannot access the file because it is being used by another process: 'D:\\Coding projects\\REN-AI-main (1)\\REN-AI-main\\data\\ren_memory.db'
[2026-08-22 00:33:59] [ERROR] [ren.errors]: Database error during initialization: no such column: user_id. Attempting recovery...
[2026-08-22 00:33:59] [ERROR] [ren.errors]: Failed restoring backup: [WinError 32] The process cannot access the file because it is being used by another process: 'D:\\Coding projects\\REN-AI-main (1)\\REN-AI-main\\data\\ren_memory.db'
[2026-08-22 00:33:59] [ERROR] [ren.errors]: Database error during initialization: no such column: user_id. Attempting recovery...
[2026-08-22 00:33:59] [ERROR] [ren.errors]: Failed restoring backup: [WinError 32] The process cannot access the file because it is being used by another process: 'D:\\Coding projects\\REN-AI-main (1)\\REN-AI-main\\data\\ren_memory.db'
[2026-08-22 00:33:59] [ERROR] [ren.errors]: Database error during initialization: no such column: user_id. Attempting recovery...
[2026-08-22 00:33:59] [ERROR] [ren.errors]: Failed restoring backup: [WinError 32] The process cannot access the file because it is being used by another process: 'D:\\Coding projects\\REN-AI-main (1)\\REN-AI-main\\data\\ren_memory.db'
[2026-08-22 00:33:59] [ERROR] [ren.errors]: Database error during initialization: no such column: user_id. Attempting recovery...
[2026-08-22 00:33:59] [ERROR] [ren.errors]: Failed restoring backup: [WinError 32] The process cannot access the file because it is being used by another process: 'D:\\Coding projects\\REN-AI-main (1)\\REN-AI-main\\data\\ren_memory.db'
[2026-08-22 00:33:59] [ERROR] [ren.errors]: Database error during initialization: no such column: user_id. Attempting recovery...
[2026-08-22 00:33:59] [ERROR] [ren.errors]: Failed restoring backup: [WinError 32] The process cannot access the file because it is being used by another process: 'D:\\Coding projects\\REN-AI-main (1)\\REN-AI-main\\data\\ren_memory.db'
[2026-08-22 00:33:59] [ERROR] [ren.errors]: Database error during initialization: no such column: user_id. Attempting recovery...
[2026-08-22 00:33:59] [ERROR] [ren.errors]: Failed restoring backup: [WinError 32] The process cannot access the file because it is being used by another process: 'D:\\Coding projects\\REN-AI-main (1)\\REN-AI-main\\data\\ren_memory.db'
[2026-08-22 00:33:59] [ERROR] [ren.errors]: Database error during initialization: no such column: user_id. Attempting recovery...
[2026-08-22 00:33:59] [ERROR] [ren.errors]: Failed restoring backup: [WinError 32] The process cannot access the file because it is being used by another process: 'D:\\Coding projects\\REN-AI-main (1)\\REN-AI-main\\data\\ren_memory.db'
[2026-08-22 00:33:59] [ERROR] [ren.errors]: Database error during initialization: no such column: user_id. Attempting recovery...
[2026-08-22 00:33:59] [ERROR] [ren.errors]: Failed restoring backup: [WinError 32] The process cannot access the file because it is being used by another process: 'D:\\Coding projects\\REN-AI-main (1)\\REN-AI-main\\data\\ren_memory.db'
[2026-08-22 00:33:59] [ERROR] [ren.errors]: Database error during initialization: no such column: user_id. Attempting recovery...
[2026-08-22 00:33:59] [ERROR] [ren.errors]: Failed restoring backup: [WinError 32] The process cannot access the file because it is being used by another process: 'D:\\Coding projects\\REN-AI-main (1)\\REN-AI-main\\data\\ren_memory.db'
[2026-08-22 00:33:59] [ERROR] [ren.errors]: Database error during initialization: no such column: user_id. Attempting recovery...
[2026-08-22 00:33:59] [ERROR] [ren.errors]: Failed restoring backup: [WinError 32] The process cannot access the file because it is being used by another process: 'D:\\Coding projects\\REN-AI-main (1)\\REN-AI-main\\data\\ren_memory.db'
[2026-08-22 00:33:59] [ERROR] [ren.errors]: Database error during initialization: no such column: user_id. Attempting recovery...
[2026-08-22 00:33:59] [ERROR] [ren.errors]: Failed restoring backup: [WinError 32] The process cannot access the file because it is being used by another process: 'D:\\Coding projects\\REN-AI-main (1)\\REN-AI-main\\data\\ren_memory.db'
[2026-08-22 00:33:59] [ERROR] [ren.errors]: Database error during initialization: no such column: user_id. Attempting recovery...
[2026-08-22 00:33:59] [ERROR] [ren.errors]: Failed restoring backup: [WinError 32] The process cannot access the file because it is being used by another process: 'D:\\Coding projects\\REN-AI-main (1)\\REN-AI-main\\data\\ren_memory.db'
[2026-08-22 00:33:59] [ERROR] [ren.errors]: Database error during initialization: no such column: user_id. Attempting recovery...
[2026-08-22 00:33:59] [ERROR] [ren.errors]: Failed restoring backup: [WinError 32] The process cannot access the file because it is being used by another process: 'D:\\Coding projects\\REN-AI-main (1)\\REN-AI-main\\data\\ren_memory.db'
[2026-08-22 00:33:59] [ERROR] [ren.errors]: Database error during initialization: no such column: user_id. Attempting recovery...
[2026-08-22 00:33:59] [ERROR] [ren.errors]: Failed restoring backup: [WinError 32] The process cannot access the file because it is being used by another process: 'D:\\Coding projects\\REN-AI-main (1)\\REN-AI-main\\data\\ren_memory.db'
[2026-08-22 00:33:59] [ERROR] [ren.errors]: Database error during initialization: no such column: user_id. Attempting recovery...
[2026-08-22 00:33:59] [ERROR] [ren.errors]: Failed restoring backup: [WinError 32] The process cannot access the file because it is being used by another process: 'D:\\Coding projects\\REN-AI-main (1)\\REN-AI-main\\data\\ren_memory.db'
[2026-08-22 00:33:59] [ERROR] [ren.errors]: Database error during initialization: no such column: user_id. Attempting recovery...
[2026-08-22 00:33:59] [ERROR] [ren.errors]: Failed restoring backup: [WinError 32] The process cannot access the file because it is being used by another process: 'D:\\Coding projects\\REN-AI-main (1)\\REN-AI-main\\data\\ren_memory.db'
[2026-08-22 00:33:59] [ERROR] [ren.errors]: Database error during initialization: no such column: user_id. Attempting recovery...
[2026-08-22 00:33:59] [ERROR] [ren.errors]: Failed restoring backup: [WinError 32] The process cannot access the file because it is being used by another process: 'D:\\Coding projects\\REN-AI-main (1)\\REN-AI-main\\data\\ren_memory.db'
[2026-08-22 00:33:59] [ERROR] [ren.errors]: Database error during initialization: no such column: user_id. Attempting recovery...
[2026-08-22 00:33:59] [ERROR] [ren.errors]: Failed restoring backup: [WinError 32] The process cannot access the file because it is being used by another process: 'D:\\Coding projects\\REN-AI-main (1)\\REN-AI-main\\data\\ren_memory.db'
[2026-08-22 00:33:59] [ERROR] [ren.errors]: Database error during initialization: no such column: user_id. Attempting recovery...
[2026-08-22 00:33:59] [ERROR] [ren.errors]: Failed restoring backup: [WinError 32] The process cannot access the file because it is being used by another process: 'D:\\Coding projects\\REN-AI-main (1)\\REN-AI-main\\data\\ren_memory.db'
[2026-08-22 00:33:59] [ERROR] [ren.errors]: Database error during initialization: no such column: user_id. Attempting recovery...
[2026-08-22 00:33:59] [ERROR] [ren.errors]: Failed restoring backup: [WinError 32] The process cannot access the file because it is being used by another process: 'D:\\Coding projects\\REN-AI-main (1)\\REN-AI-main\\data\\ren_memory.db'
[2026-08-22 00:33:59] [ERROR] [ren.errors]: Database error during initialization: no such column: user_id. Attempting recovery...
[2026-08-22 00:33:59] [ERROR] [ren.errors]: Failed restoring backup: [WinError 32] The process cannot access the file because it is being used by another process: 'D:\\Coding projects\\REN-AI-main (1)\\REN-AI-main\\data\\ren_memory.db'
[2026-08-22 00:33:59] [ERROR] [ren.errors]: Database error during initialization: no such column: user_id. Attempting recovery...
[2026-08-22 00:33:59] [ERROR] [ren.errors]: Failed restoring backup: [WinError 32] The process cannot access the file because it is being used by another process: 'D:\\Coding projects\\REN-AI-main (1)\\REN-AI-main\\data\\ren_memory.db'
[2026-08-22 00:33:59] [ERROR] [ren.errors]: Database error during initialization: no such column: user_id. Attempting recovery...
[2026-08-22 00:33:59] [ERROR] [ren.errors]: Failed restoring backup: [WinError 32] The process cannot access the file because it is being used by another process: 'D:\\Coding projects\\REN-AI-main (1)\\REN-AI-main\\data\\ren_memory.db'
[2026-08-22 00:33:59] [ERROR] [ren.errors]: Database error during initialization: no such column: user_id. Attempting recovery...
[2026-08-22 00:33:59] [ERROR] [ren.errors]: Failed restoring backup: [WinError 32] The process cannot access the file because it is being used by another process: 'D:\\Coding projects\\REN-AI-main (1)\\REN-AI-main\\data\\ren_memory.db'
[2026-08-22 00:33:59] [ERROR] [ren.errors]: Database error during initialization: no such column: user_id. Attempting recovery...
[2026-08-22 00:33:59] [ERROR] [ren.errors]: Failed restoring backup: [WinError 32] The process cannot access the file because it is being used by another process: 'D:\\Coding projects\\REN-AI-main (1)\\REN-AI-main\\data\\ren_memory.db'
[2026-08-22 00:33:59] [ERROR] [ren.errors]: Database error during initialization: no such column: user_id. Attempting recovery...
[2026-08-22 00:33:59] [ERROR] [ren.errors]: Failed restoring backup: [WinError 32] The process cannot access the file because it is being used by another process: 'D:\\Coding projects\\REN-AI-main (1)\\REN-AI-main\\data\\ren_memory.db'
[2026-08-22 00:33:59] [ERROR] [ren.errors]: Database error during initialization: no such column: user_id. Attempting recovery...
[2026-08-22 00:33:59] [ERROR] [ren.errors]: Failed restoring backup: [WinError 32] The process cannot access the file because it is being used by another process: 'D:\\Coding projects\\REN-AI-main (1)\\REN-AI-main\\data\\ren_memory.db'
[2026-08-22 00:33:59] [ERROR] [ren.errors]: Database error during initialization: no such column: user_id. Attempting recovery...
[2026-08-22 00:33:59] [ERROR] [ren.errors]: Failed restoring backup: [WinError 32] The process cannot access the file because it is being used by another process: 'D:\\Coding projects\\REN-AI-main (1)\\REN-AI-main\\data\\ren_memory.db'
[2026-08-22 00:33:59] [ERROR] [ren.errors]: Database error during initialization: no such column: user_id. Attempting recovery...
[2026-08-22 00:33:59] [ERROR] [ren.errors]: Failed restoring backup: [WinError 32] The process cannot access the file because it is being used by another process: 'D:\\Coding projects\\REN-AI-main (1)\\REN-AI-main\\data\\ren_memory.db'
[2026-08-22 00:33:59] [ERROR] [ren.errors]: Database error during initialization: no such column: user_id. Attempting recovery...
[2026-08-22 00:33:59] [ERROR] [ren.errors]: Failed restoring backup: [WinError 32] The process cannot access the file because it is being used by another process: 'D:\\Coding projects\\REN-AI-main (1)\\REN-AI-main\\data\\ren_memory.db'
[2026-08-22 00:33:59] [ERROR] [ren.errors]: Database error during initialization: no such column: user_id. Attempting recovery...
[2026-08-22 00:33:59] [ERROR] [ren.errors]: Failed restoring backup: [WinError 32] The process cannot access the file because it is being used by another process: 'D:\\Coding projects\\REN-AI-main (1)\\REN-AI-main\\data\\ren_memory.db'
[2026-08-22 00:33:59] [ERROR] [ren.errors]: Database error during initialization: no such column: user_id. Attempting recovery...
[2026-08-22 00:33:59] [ERROR] [ren.errors]: Failed restoring backup: [WinError 32] The process cannot access the file because it is being used by another process: 'D:\\Coding projects\\REN-AI-main (1)\\REN-AI-main\\data\\ren_memory.db'
[2026-08-22 00:33:59] [ERROR] [ren.errors]: Database error during initialization: no such column: user_id. Attempting recovery...
[2026-08-22 00:33:59] [ERROR] [ren.errors]: Failed restoring backup: [WinError 32] The process cannot access the file because it is being used by another process: 'D:\\Coding projects\\REN-AI-main (1)\\REN-AI-main\\data\\ren_memory.db'
[2026-08-22 00:33:59] [ERROR] [ren.errors]: Database error during initialization: no such column: user_id. Attempting recovery...
[2026-08-22 00:33:59] [ERROR] [ren.errors]: Failed restoring backup: [WinError 32] The process cannot access the file because it is being used by another process: 'D:\\Coding projects\\REN-AI-main (1)\\REN-AI-main\\data\\ren_memory.db'
[2026-08-22 00:33:59] [ERROR] [ren.errors]: Database error during initialization: no such column: user_id. Attempting recovery...
[2026-08-22 00:33:59] [ERROR] [ren.errors]: Failed restoring backup: [WinError 32] The process cannot access the file because it is being used by another process: 'D:\\Coding projects\\REN-AI-main (1)\\REN-AI-main\\data\\ren_memory.db'
[2026-08-22 00:33:59] [ERROR] [ren.errors]: Database error during initialization: no such column: user_id. Attempting recovery...
[2026-08-22 00:33:59] [ERROR] [ren.errors]: Failed restoring backup: [WinError 32] The process cannot access the file because it is being used by another process: 'D:\\Coding projects\\REN-AI-main (1)\\REN-AI-main\\data\\ren_memory.db'
[2026-08-22 00:33:59] [ERROR] [ren.errors]: Database error during initialization: no such column: user_id. Attempting recovery...
[2026-08-22 00:33:59] [ERROR] [ren.errors]: Failed restoring backup: [WinError 32] The process cannot access the file because it is being used by another process: 'D:\\Coding projects\\REN-AI-main (1)\\REN-AI-main\\data\\ren_memory.db'
[2026-08-22 00:33:59] [ERROR] [ren.errors]: Database error during initialization: no such column: user_id. Attempting recovery...
[2026-08-22 00:33:59] [ERROR] [ren.errors]: Failed restoring backup: [WinError 32] The process cannot access the file because it is being used by another process: 'D:\\Coding projects\\REN-AI-main (1)\\REN-AI-main\\data\\ren_memory.db'
[2026-08-22 00:33:59] [ERROR] [ren.errors]: Database error during initialization: no such column: user_id. Attempting recovery...
[2026-08-22 00:33:59] [ERROR] [ren.errors]: Failed restoring backup: [WinError 32] The process cannot access the file because it is being used by another process: 'D:\\Coding projects\\REN-AI-main (1)\\REN-AI-main\\data\\ren_memory.db'
[2026-08-22 00:33:59] [ERROR] [ren.errors]: Database error during initialization: no such column: user_id. Attempting recovery...
[2026-08-22 00:33:59] [ERROR] [ren.errors]: Failed restoring backup: [WinError 32] The process cannot access the file because it is being used by another process: 'D:\\Coding projects\\REN-AI-main (1)\\REN-AI-main\\data\\ren_memory.db'
[2026-08-22 00:33:59] [ERROR] [ren.errors]: Database error during initialization: no such column: user_id. Attempting recovery...
[2026-08-22 00:33:59] [ERROR] [ren.errors]: Failed restoring backup: [WinError 32] The process cannot access the file because it is being used by another process: 'D:\\Coding projects\\REN-AI-main (1)\\REN-AI-main\\data\\ren_memory.db'
[2026-08-22 00:33:59] [ERROR] [ren.errors]: Database error during initialization: no such column: user_id. Attempting recovery...
[2026-08-22 00:33:59] [ERROR] [ren.errors]: Failed restoring backup: [WinError 32] The process cannot access the file because it is being used by another process: 'D:\\Coding projects\\REN-AI-main (1)\\REN-AI-main\\data\\ren_memory.db'
[2026-08-22 00:33:59] [ERROR] [ren.errors]: Database error during initialization: no such column: user_id. Attempting recovery...
[2026-08-22 00:33:59] [ERROR] [ren.errors]: Failed restoring backup: [WinError 32] The process cannot access the file because it is being used by another process: 'D:\\Coding projects\\REN-AI-main (1)\\REN-AI-main\\data\\ren_memory.db'
[2026-08-22 00:33:59] [ERROR] [ren.errors]: Database error during initialization: no such column: user_id. Attempting recovery...
[2026-08-22 00:33:59] [ERROR] [ren.errors]: Failed restoring backup: [WinError 32] The process cannot access the file because it is being used by another process: 'D:\\Coding projects\\REN-AI-main (1)\\REN-AI-main\\data\\ren_memory.db'
[2026-08-22 00:33:59] [ERROR] [ren.errors]: Database error during initialization: no such column: user_id. Attempting recovery...
[2026-08-22 00:33:59] [ERROR] [ren.errors]: Failed restoring backup: [WinError 32] The process cannot access the file because it is being used by another process: 'D:\\Coding projects\\REN-AI-main (1)\\REN-AI-main\\data\\ren_memory.db'
[2026-08-22 00:33:59] [ERROR] [ren.errors]: Database error during initialization: no such column: user_id. Attempting recovery...
[2026-08-22 00:33:59] [ERROR] [ren.errors]: Failed restoring backup: [WinError 32] The process cannot access the file because it is being used by another process: 'D:\\Coding projects\\REN-AI-main (1)\\REN-AI-main\\data\\ren_memory.db'
[2026-08-22 00:33:59] [ERROR] [ren.errors]: Database error during initialization: no such column: user_id. Attempting recovery...
[2026-08-22 00:33:59] [ERROR] [ren.errors]: Failed restoring backup: [WinError 32] The process cannot access the file because it is being used by another process: 'D:\\Coding projects\\REN-AI-main (1)\\REN-AI-main\\data\\ren_memory.db'
[2026-08-22 00:33:59] [ERROR] [ren.errors]: Database error during initialization: no such column: user_id. Attempting recovery...
[2026-08-22 00:33:59] [ERROR] [ren.errors]: Failed restoring backup: [WinError 32] The process cannot access the file because it is being used by another process: 'D:\\Coding projects\\REN-AI-main (1)\\REN-AI-main\\data\\ren_memory.db'
[2026-08-22 00:33:59] [ERROR] [ren.errors]: Database error during initialization: no such column: user_id. Attempting recovery...
[2026-08-22 00:33:59] [ERROR] [ren.errors]: Failed restoring backup: [WinError 32] The process cannot access the file because it is being used by another process: 'D:\\Coding projects\\REN-AI-main (1)\\REN-AI-main\\data\\ren_memory.db'
[2026-08-22 00:33:59] [ERROR] [ren.errors]: Database error during initialization: no such column: user_id. Attempting recovery...
[2026-08-22 00:33:59] [ERROR] [ren.errors]: Failed restoring backup: [WinError 32] The process cannot access the file because it is being used by another process: 'D:\\Coding projects\\REN-AI-main (1)\\REN-AI-main\\data\\ren_memory.db'
[2026-08-22 00:33:59] [ERROR] [ren.errors]: Database error during initialization: no such column: user_id. Attempting recovery...
[2026-08-22 00:33:59] [ERROR] [ren.errors]: Failed restoring backup: [WinError 32] The process cannot access the file because it is being used by another process: 'D:\\Coding projects\\REN-AI-main (1)\\REN-AI-main\\data\\ren_memory.db'
[2026-08-22 00:33:59] [ERROR] [ren.errors]: Database error during initialization: no such column: user_id. Attempting recovery...
[2026-08-22 00:33:59] [ERROR] [ren.errors]: Failed restoring backup: [WinError 32] The process cannot access the file because it is being used by another process: 'D:\\Coding projects\\REN-AI-main (1)\\REN-AI-main\\data\\ren_memory.db'
[2026-08-22 00:33:59] [ERROR] [ren.errors]: Database error during initialization: no such column: user_id. Attempting recovery...
[2026-08-22 00:33:59] [ERROR] [ren.errors]: Failed restoring backup: [WinError 32] The process cannot access the file because it is being used by another process: 'D:\\Coding projects\\REN-AI-main (1)\\REN-AI-main\\data\\ren_memory.db'
[2026-08-22 00:33:59] [ERROR] [ren.errors]: Database error during initialization: no such column: user_id. Attempting recovery...
[2026-08-22 00:33:59] [ERROR] [ren.errors]: Failed restoring backup: [WinError 32] The process cannot access the file because it is being used by another process: 'D:\\Coding projects\\REN-AI-main (1)\\REN-AI-main\\data\\ren_memory.db'
[2026-08-22 00:33:59] [ERROR] [ren.errors]: Database error during initialization: no such column: user_id. Attempting recovery...
[2026-08-22 00:33:59] [ERROR] [ren.errors]: Failed restoring backup: [WinError 32] The process cannot access the file because it is being used by another process: 'D:\\Coding projects\\REN-AI-main (1)\\REN-AI-main\\data\\ren_memory.db'
[2026-08-22 00:33:59] [ERROR] [ren.errors]: Database error during initialization: no such column: user_id. Attempting recovery...
[2026-08-22 00:33:59] [ERROR] [ren.errors]: Failed restoring backup: [WinError 32] The process cannot access the file because it is being used by another process: 'D:\\Coding projects\\REN-AI-main (1)\\REN-AI-main\\data\\ren_memory.db'
[2026-08-22 00:33:59] [ERROR] [ren.errors]: Database error during initialization: no such column: user_id. Attempting recovery...
[2026-08-22 00:33:59] [ERROR] [ren.errors]: Failed restoring backup: [WinError 32] The process cannot access the file because it is being used by another process: 'D:\\Coding projects\\REN-AI-main (1)\\REN-AI-main\\data\\ren_memory.db'
[2026-08-22 00:33:59] [ERROR] [ren.errors]: Database error during initialization: no such column: user_id. Attempting recovery...
[2026-08-22 00:33:59] [ERROR] [ren.errors]: Failed restoring backup: [WinError 32] The process cannot access the file because it is being used by another process: 'D:\\Coding projects\\REN-AI-main (1)\\REN-AI-main\\data\\ren_memory.db'
[2026-08-22 00:33:59] [ERROR] [ren.errors]: Database error during initialization: no such column: user_id. Attempting recovery...
[2026-08-22 00:33:59] [ERROR] [ren.errors]: Failed restoring backup: [WinError 32] The process cannot access the file because it is being used by another process: 'D:\\Coding projects\\REN-AI-main (1)\\REN-AI-main\\data\\ren_memory.db'
[2026-08-22 00:33:59] [ERROR] [ren.errors]: Database error during initialization: no such column: user_id. Attempting recovery...
[2026-08-22 00:33:59] [ERROR] [ren.errors]: Failed restoring backup: [WinError 32] The process cannot access the file because it is being used by another process: 'D:\\Coding projects\\REN-AI-main (1)\\REN-AI-main\\data\\ren_memory.db'
[2026-08-22 00:33:59] [ERROR] [ren.errors]: Database error during initialization: no such column: user_id. Attempting recovery...
[2026-08-22 00:33:59] [ERROR] [ren.errors]: Failed restoring backup: [WinError 32] The process cannot access the file because it is being used by another process: 'D:\\Coding projects\\REN-AI-main (1)\\REN-AI-main\\data\\ren_memory.db'
[2026-08-22 00:33:59] [ERROR] [ren.errors]: Database error during initialization: no such column: user_id. Attempting recovery...
[2026-08-22 00:33:59] [ERROR] [ren.errors]: Failed restoring backup: [WinError 32] The process cannot access the file because it is being used by another process: 'D:\\Coding projects\\REN-AI-main (1)\\REN-AI-main\\data\\ren_memory.db'
[2026-08-22 00:33:59] [ERROR] [ren.errors]: Database error during initialization: no such column: user_id. Attempting recovery...
[2026-08-22 00:33:59] [ERROR] [ren.errors]: Failed restoring backup: [WinError 32] The process cannot access the file because it is being used by another process: 'D:\\Coding projects\\REN-AI-main (1)\\REN-AI-main\\data\\ren_memory.db'
[2026-08-22 00:33:59] [ERROR] [ren.errors]: Database error during initialization: no such column: user_id. Attempting recovery...
[2026-08-22 00:33:59] [ERROR] [ren.errors]: Failed restoring backup: [WinError 32] The process cannot access the file because it is being used by another process: 'D:\\Coding projects\\REN-AI-main (1)\\REN-AI-main\\data\\ren_memory.db'
[2026-08-22 00:33:59] [ERROR] [ren.errors]: Database error during initialization: no such column: user_id. Attempting recovery...
[2026-08-22 00:33:59] [ERROR] [ren.errors]: Failed restoring backup: [WinError 32] The process cannot access the file because it is being used by another process: 'D:\\Coding projects\\REN-AI-main (1)\\REN-AI-main\\data\\ren_memory.db'
[2026-08-22 00:33:59] [ERROR] [ren.errors]: Database error during initialization: no such column: user_id. Attempting recovery...
[2026-08-22 00:33:59] [ERROR] [ren.errors]: Failed restoring backup: [WinError 32] The process cannot access the file because it is being used by another process: 'D:\\Coding projects\\REN-AI-main (1)\\REN-AI-main\\data\\ren_memory.db'
[2026-08-22 00:33:59] [ERROR] [ren.errors]: Database error during initialization: no such column: user_id. Attempting recovery...
[2026-08-22 00:33:59] [ERROR] [ren.errors]: Failed restoring backup: [WinError 32] The process cannot access the file because it is being used by another process: 'D:\\Coding projects\\REN-AI-main (1)\\REN-AI-main\\data\\ren_memory.db'
[2026-08-22 00:33:59] [ERROR] [ren.errors]: Database error during initialization: no such column: user_id. Attempting recovery...
[2026-08-22 00:33:59] [ERROR] [ren.errors]: Failed restoring backup: [WinError 32] The process cannot access the file because it is being used by another process: 'D:\\Coding projects\\REN-AI-main (1)\\REN-AI-main\\data\\ren_memory.db'
[2026-08-22 00:33:59] [ERROR] [ren.errors]: Database error during initialization: no such column: user_id. Attempting recovery...
[2026-08-22 00:33:59] [ERROR] [ren.errors]: Failed restoring backup: [WinError 32] The process cannot access the file because it is being used by another process: 'D:\\Coding projects\\REN-AI-main (1)\\REN-AI-main\\data\\ren_memory.db'
[2026-08-22 00:33:59] [ERROR] [ren.errors]: Database error during initialization: no such column: user_id. Attempting recovery...
[2026-08-22 00:33:59] [ERROR] [ren.errors]: Failed restoring backup: [WinError 32] The process cannot access the file because it is being used by another process: 'D:\\Coding projects\\REN-AI-main (1)\\REN-AI-main\\data\\ren_memory.db'
[2026-08-22 00:33:59] [ERROR] [ren.errors]: Database error during initialization: no such column: user_id. Attempting recovery...
[2026-08-22 00:33:59] [ERROR] [ren.errors]: Failed restoring backup: [WinError 32] The process cannot access the file because it is being used by another process: 'D:\\Coding projects\\REN-AI-main (1)\\REN-AI-main\\data\\ren_memory.db'
[2026-08-22 00:33:59] [ERROR] [ren.errors]: Database error during initialization: no such column: user_id. Attempting recovery...
[2026-08-22 00:33:59] [ERROR] [ren.errors]: Failed restoring backup: [WinError 32] The process cannot access the file because it is being used by another process: 'D:\\Coding projects\\REN-AI-main (1)\\REN-AI-main\\data\\ren_memory.db'
[2026-08-22 00:33:59] [ERROR] [ren.errors]: Database error during initialization: no such column: user_id. Attempting recovery...
[2026-08-22 00:33:59] [ERROR] [ren.errors]: Failed restoring backup: [WinError 32] The process cannot access the file because it is being used by another process: 'D:\\Coding projects\\REN-AI-main (1)\\REN-AI-main\\data\\ren_memory.db'
[2026-08-22 00:33:59] [ERROR] [ren.errors]: Database error during initialization: no such column: user_id. Attempting recovery...
[2026-08-22 00:33:59] [ERROR] [ren.errors]: Failed restoring backup: [WinError 32] The process cannot access the file because it is being used by another process: 'D:\\Coding projects\\REN-AI-main (1)\\REN-AI-main\\data\\ren_memory.db'
[2026-08-22 00:33:59] [ERROR] [ren.errors]: Database error during initialization: no such column: user_id. Attempting recovery...
[2026-08-22 00:33:59] [ERROR] [ren.errors]: Failed restoring backup: [WinError 32] The process cannot access the file because it is being used by another process: 'D:\\Coding projects\\REN-AI-main (1)\\REN-AI-main\\data\\ren_memory.db'
[2026-08-22 00:33:59] [ERROR] [ren.errors]: Database error during initialization: no such column: user_id. Attempting recovery...
[2026-08-22 00:33:59] [ERROR] [ren.errors]: Failed restoring backup: [WinError 32] The process cannot access the file because it is being used by another process: 'D:\\Coding projects\\REN-AI-main (1)\\REN-AI-main\\data\\ren_memory.db'
[2026-08-22 00:33:59] [ERROR] [ren.errors]: Database error during initialization: no such column: user_id. Attempting recovery...
[2026-08-22 00:33:59] [ERROR] [ren.errors]: Failed restoring backup: [WinError 32] The process cannot access the file because it is being used by another process: 'D:\\Coding projects\\REN-AI-main (1)\\REN-AI-main\\data\\ren_memory.db'
[2026-08-22 00:33:59] [ERROR] [ren.errors]: Database error during initialization: no such column: user_id. Attempting recovery...
[2026-08-22 00:33:59] [ERROR] [ren.errors]: Failed restoring backup: [WinError 32] The process cannot access the file because it is being used by another process: 'D:\\Coding projects\\REN-AI-main (1)\\REN-AI-main\\data\\ren_memory.db'
[2026-08-22 00:33:59] [ERROR] [ren.errors]: Database error during initialization: no such column: user_id. Attempting recovery...
[2026-08-22 00:33:59] [ERROR] [ren.errors]: Failed restoring backup: [WinError 32] The process cannot access the file because it is being used by another process: 'D:\\Coding projects\\REN-AI-main (1)\\REN-AI-main\\data\\ren_memory.db'
[2026-08-22 00:33:59] [ERROR] [ren.errors]: Database error during initialization: no such column: user_id. Attempting recovery...
[2026-08-22 00:33:59] [ERROR] [ren.errors]: Failed restoring backup: [WinError 32] The process cannot access the file because it is being used by another process: 'D:\\Coding projects\\REN-AI-main (1)\\REN-AI-main\\data\\ren_memory.db'
[2026-08-22 00:33:59] [ERROR] [ren.errors]: Database error during initialization: no such column: user_id. Attempting recovery...
[2026-08-22 00:33:59] [ERROR] [ren.errors]: Failed restoring backup: [WinError 32] The process cannot access the file because it is being used by another process: 'D:\\Coding projects\\REN-AI-main (1)\\REN-AI-main\\data\\ren_memory.db'
[2026-08-22 00:33:59] [ERROR] [ren.errors]: Database error during initialization: no such column: user_id. Attempting recovery...
[2026-08-22 00:33:59] [ERROR] [ren.errors]: Failed restoring backup: [WinError 32] The process cannot access the file because it is being used by another process: 'D:\\Coding projects\\REN-AI-main (1)\\REN-AI-main\\data\\ren_memory.db'
[2026-08-22 00:33:59] [ERROR] [ren.errors]: Database error during initialization: no such column: user_id. Attempting recovery...
[2026-08-22 00:33:59] [ERROR] [ren.errors]: Failed restoring backup: [WinError 32] The process cannot access the file because it is being used by another process: 'D:\\Coding projects\\REN-AI-main (1)\\REN-AI-main\\data\\ren_memory.db'
[2026-08-22 00:33:59] [ERROR] [ren.errors]: Database error during initialization: no such column: user_id. Attempting recovery...
[2026-08-22 00:33:59] [ERROR] [ren.errors]: Failed restoring backup: [WinError 32] The process cannot access the file because it is being used by another process: 'D:\\Coding projects\\REN-AI-main (1)\\REN-AI-main\\data\\ren_memory.db'
[2026-08-22 00:33:59] [ERROR] [ren.errors]: Database error during initialization: no such column: user_id. Attempting recovery...
[2026-08-22 00:33:59] [ERROR] [ren.errors]: Failed restoring backup: [WinError 32] The process cannot access the file because it is being used by another process: 'D:\\Coding projects\\REN-AI-main (1)\\REN-AI-main\\data\\ren_memory.db'
[2026-08-22 00:33:59] [ERROR] [ren.errors]: Database error during initialization: no such column: user_id. Attempting recovery...
[2026-08-22 00:33:59] [ERROR] [ren.errors]: Failed restoring backup: [WinError 32] The process cannot access the file because it is being used by another process: 'D:\\Coding projects\\REN-AI-main (1)\\REN-AI-main\\data\\ren_memory.db'
[2026-08-22 00:33:59] [ERROR] [ren.errors]: Database error during initialization: no such column: user_id. Attempting recovery...
[2026-08-22 00:33:59] [ERROR] [ren.errors]: Failed restoring backup: [WinError 32] The process cannot access the file because it is being used by another process: 'D:\\Coding projects\\REN-AI-main (1)\\REN-AI-main\\data\\ren_memory.db'
[2026-08-22 00:33:59] [ERROR] [ren.errors]: Database error during initialization: no such column: user_id. Attempting recovery...
[2026-08-22 00:33:59] [ERROR] [ren.errors]: Failed restoring backup: [WinError 32] The process cannot access the file because it is being used by another process: 'D:\\Coding projects\\REN-AI-main (1)\\REN-AI-main\\data\\ren_memory.db'
[2026-08-22 00:33:59] [ERROR] [ren.errors]: Database error during initialization: no such column: user_id. Attempting recovery...
[2026-08-22 00:33:59] [ERROR] [ren.errors]: Failed restoring backup: [WinError 32] The process cannot access the file because it is being used by another process: 'D:\\Coding projects\\REN-AI-main (1)\\REN-AI-main\\data\\ren_memory.db'
[2026-08-22 00:33:59] [ERROR] [ren.errors]: Database error during initialization: no such column: user_id. Attempting recovery...
[2026-08-22 00:33:59] [ERROR] [ren.errors]: Failed restoring backup: [WinError 32] The process cannot access the file because it is being used by another process: 'D:\\Coding projects\\REN-AI-main (1)\\REN-AI-main\\data\\ren_memory.db'
[2026-08-22 00:33:59] [ERROR] [ren.errors]: Database error during initialization: no such column: user_id. Attempting recovery...
[2026-08-22 00:33:59] [ERROR] [ren.errors]: Failed restoring backup: [WinError 32] The process cannot access the file because it is being used by another process: 'D:\\Coding projects\\REN-AI-main (1)\\REN-AI-main\\data\\ren_memory.db'
[2026-08-22 00:33:59] [ERROR] [ren.errors]: Database error during initialization: no such column: user_id. Attempting recovery...
[2026-08-22 00:33:59] [ERROR] [ren.errors]: Failed restoring backup: [WinError 32] The process cannot access the file because it is being used by another process: 'D:\\Coding projects\\REN-AI-main (1)\\REN-AI-main\\data\\ren_memory.db'
[2026-08-22 00:33:59] [ERROR] [ren.errors]: Database error during initialization: no such column: user_id. Attempting recovery...
[2026-08-22 00:33:59] [ERROR] [ren.errors]: Failed restoring backup: [WinError 32] The process cannot access the file because it is being used by another process: 'D:\\Coding projects\\REN-AI-main (1)\\REN-AI-main\\data\\ren_memory.db'
[2026-08-22 00:33:59] [ERROR] [ren.errors]: Database error during initialization: no such column: user_id. Attempting recovery...
[2026-08-22 00:33:59] [ERROR] [ren.errors]: Failed restoring backup: [WinError 32] The process cannot access the file because it is being used by another process: 'D:\\Coding projects\\REN-AI-main (1)\\REN-AI-main\\data\\ren_memory.db'
[2026-08-22 00:33:59] [ERROR] [ren.errors]: Database error during initialization: no such column: user_id. Attempting recovery...
[2026-08-22 00:33:59] [ERROR] [ren.errors]: Failed restoring backup: [WinError 32] The process cannot access the file because it is being used by another process: 'D:\\Coding projects\\REN-AI-main (1)\\REN-AI-main\\data\\ren_memory.db'
[2026-08-22 00:33:59] [ERROR] [ren.errors]: Database error during initialization: no such column: user_id. Attempting recovery...
[2026-08-22 00:33:59] [ERROR] [ren.errors]: Failed restoring backup: [WinError 32] The process cannot access the file because it is being used by another process: 'D:\\Coding projects\\REN-AI-main (1)\\REN-AI-main\\data\\ren_memory.db'
[2026-08-22 00:33:59] [ERROR] [ren.errors]: Database error during initialization: no such column: user_id. Attempting recovery...
[2026-08-22 00:33:59] [ERROR] [ren.errors]: Failed restoring backup: [WinError 32] The process cannot access the file because it is being used by another process: 'D:\\Coding projects\\REN-AI-main (1)\\REN-AI-main\\data\\ren_memory.db'
[2026-08-22 00:33:59] [ERROR] [ren.errors]: Database error during initialization: no such column: user_id. Attempting recovery...
[2026-08-22 00:33:59] [ERROR] [ren.errors]: Failed restoring backup: [WinError 32] The process cannot access the file because it is being used by another process: 'D:\\Coding projects\\REN-AI-main (1)\\REN-AI-main\\data\\ren_memory.db'
[2026-08-22 00:33:59] [ERROR] [ren.errors]: Database error during initialization: no such column: user_id. Attempting recovery...
[2026-08-22 00:33:59] [ERROR] [ren.errors]: Failed restoring backup: [WinError 32] The process cannot access the file because it is being used by another process: 'D:\\Coding projects\\REN-AI-main (1)\\REN-AI-main\\data\\ren_memory.db'
[2026-08-22 00:33:59] [ERROR] [ren.errors]: Database error during initialization: no such column: user_id. Attempting recovery...
[2026-08-22 00:34:00] [ERROR] [ren.errors]: Failed restoring backup: [WinError 32] The process cannot access the file because it is being used by another process: 'D:\\Coding projects\\REN-AI-main (1)\\REN-AI-main\\data\\ren_memory.db'
[2026-08-22 00:34:00] [ERROR] [ren.errors]: Database error during initialization: no such column: user_id. Attempting recovery...
[2026-08-22 00:34:00] [ERROR] [ren.errors]: Failed restoring backup: [WinError 32] The process cannot access the file because it is being used by another process: 'D:\\Coding projects\\REN-AI-main (1)\\REN-AI-main\\data\\ren_memory.db'
[2026-08-22 00:34:00] [ERROR] [ren.errors]: Database error during initialization: no such column: user_id. Attempting recovery...
[2026-08-22 00:34:00] [ERROR] [ren.errors]: Failed restoring backup: [WinError 32] The process cannot access the file because it is being used by another process: 'D:\\Coding projects\\REN-AI-main (1)\\REN-AI-main\\data\\ren_memory.db'
[2026-08-22 00:34:00] [ERROR] [ren.errors]: Database error during initialization: no such column: user_id. Attempting recovery...
[2026-08-22 00:34:00] [ERROR] [ren.errors]: Failed restoring backup: [WinError 32] The process cannot access the file because it is being used by another process: 'D:\\Coding projects\\REN-AI-main (1)\\REN-AI-main\\data\\ren_memory.db'
[2026-08-22 00:34:00] [ERROR] [ren.errors]: Database error during initialization: no such column: user_id. Attempting recovery...
[2026-08-22 00:34:00] [ERROR] [ren.errors]: Failed restoring backup: [WinError 32] The process cannot access the file because it is being used by another process: 'D:\\Coding projects\\REN-AI-main (1)\\REN-AI-main\\data\\ren_memory.db'
[2026-08-22 00:34:00] [ERROR] [ren.errors]: Database error during initialization: no such column: user_id. Attempting recovery...
[2026-08-22 00:34:00] [ERROR] [ren.errors]: Failed restoring backup: [WinError 32] The process cannot access the file because it is being used by another process: 'D:\\Coding projects\\REN-AI-main (1)\\REN-AI-main\\data\\ren_memory.db'
[2026-08-22 00:34:00] [ERROR] [ren.errors]: Database error during initialization: no such column: user_id. Attempting recovery...
[2026-08-22 00:34:00] [ERROR] [ren.errors]: Failed restoring backup: [WinError 32] The process cannot access the file because it is being used by another process: 'D:\\Coding projects\\REN-AI-main (1)\\REN-AI-main\\data\\ren_memory.db'
[2026-08-22 00:34:00] [ERROR] [ren.errors]: Database error during initialization: no such column: user_id. Attempting recovery...
[2026-08-22 00:34:00] [ERROR] [ren.errors]: Failed restoring backup: [WinError 32] The process cannot access the file because it is being used by another process: 'D:\\Coding projects\\REN-AI-main (1)\\REN-AI-main\\data\\ren_memory.db'
[2026-08-22 00:34:00] [ERROR] [ren.errors]: Database error during initialization: no such column: user_id. Attempting recovery...
[2026-08-22 00:34:00] [ERROR] [ren.errors]: Failed restoring backup: [WinError 32] The process cannot access the file because it is being used by another process: 'D:\\Coding projects\\REN-AI-main (1)\\REN-AI-main\\data\\ren_memory.db'
[2026-08-22 00:34:00] [ERROR] [ren.errors]: Database error during initialization: no such column: user_id. Attempting recovery...
[2026-08-22 00:34:00] [ERROR] [ren.errors]: Failed restoring backup: [WinError 32] The process cannot access the file because it is being used by another process: 'D:\\Coding projects\\REN-AI-main (1)\\REN-AI-main\\data\\ren_memory.db'
[2026-08-22 00:34:00] [ERROR] [ren.errors]: Database error during initialization: no such column: user_id. Attempting recovery...
[2026-08-22 00:34:00] [ERROR] [ren.errors]: Failed restoring backup: [WinError 32] The process cannot access the file because it is being used by another process: 'D:\\Coding projects\\REN-AI-main (1)\\REN-AI-main\\data\\ren_memory.db'
[2026-08-22 00:34:00] [ERROR] [ren.errors]: Database error during initialization: no such column: user_id. Attempting recovery...
[2026-08-22 00:34:00] [ERROR] [ren.errors]: Failed restoring backup: [WinError 32] The process cannot access the file because it is being used by another process: 'D:\\Coding projects\\REN-AI-main (1)\\REN-AI-main\\data\\ren_memory.db'
[2026-08-22 00:34:00] [ERROR] [ren.errors]: Database error during initialization: no such column: user_id. Attempting recovery...
[2026-08-22 00:34:00] [ERROR] [ren.errors]: Failed restoring backup: [WinError 32] The process cannot access the file because it is being used by another process: 'D:\\Coding projects\\REN-AI-main (1)\\REN-AI-main\\data\\ren_memory.db'
[2026-08-22 00:34:00] [ERROR] [ren.errors]: Database error during initialization: no such column: user_id. Attempting recovery...
[2026-08-22 00:34:00] [ERROR] [ren.errors]: Failed restoring backup: [WinError 32] The process cannot access the file because it is being used by another process: 'D:\\Coding projects\\REN-AI-main (1)\\REN-AI-main\\data\\ren_memory.db'
[2026-08-22 00:34:00] [ERROR] [ren.errors]: Database error during initialization: no such column: user_id. Attempting recovery...
[2026-08-22 00:34:00] [ERROR] [ren.errors]: Failed restoring backup: [WinError 32] The process cannot access the file because it is being used by another process: 'D:\\Coding projects\\REN-AI-main (1)\\REN-AI-main\\data\\ren_memory.db'
[2026-08-22 00:34:00] [ERROR] [ren.errors]: Database error during initialization: no such column: user_id. Attempting recovery...
[2026-08-22 00:34:00] [ERROR] [ren.errors]: Failed restoring backup: [WinError 32] The process cannot access the file because it is being used by another process: 'D:\\Coding projects\\REN-AI-main (1)\\REN-AI-main\\data\\ren_memory.db'
[2026-08-22 00:34:00] [ERROR] [ren.errors]: Database error during initialization: no such column: user_id. Attempting recovery...
[2026-08-22 00:34:00] [ERROR] [ren.errors]: Failed restoring backup: [WinError 32] The process cannot access the file because it is being used by another process: 'D:\\Coding projects\\REN-AI-main (1)\\REN-AI-main\\data\\ren_memory.db'
[2026-08-22 00:34:00] [ERROR] [ren.errors]: Database error during initialization: no such column: user_id. Attempting recovery...
[2026-08-22 00:34:00] [ERROR] [ren.errors]: Failed restoring backup: [WinError 32] The process cannot access the file because it is being used by another process: 'D:\\Coding projects\\REN-AI-main (1)\\REN-AI-main\\data\\ren_memory.db'
[2026-08-22 00:34:00] [ERROR] [ren.errors]: Database error during initialization: no such column: user_id. Attempting recovery...
[2026-08-22 00:34:00] [ERROR] [ren.errors]: Failed restoring backup: [WinError 32] The process cannot access the file because it is being used by another process: 'D:\\Coding projects\\REN-AI-main (1)\\REN-AI-main\\data\\ren_memory.db'
[2026-08-22 00:34:00] [ERROR] [ren.errors]: Database error during initialization: no such column: user_id. Attempting recovery...
[2026-08-22 00:34:00] [ERROR] [ren.errors]: Failed restoring backup: [WinError 32] The process cannot access the file because it is being used by another process: 'D:\\Coding projects\\REN-AI-main (1)\\REN-AI-main\\data\\ren_memory.db'
[2026-08-22 00:34:00] [ERROR] [ren.errors]: Database error during initialization: no such column: user_id. Attempting recovery...
[2026-08-22 00:34:00] [ERROR] [ren.errors]: Failed restoring backup: [WinError 32] The process cannot access the file because it is being used by another process: 'D:\\Coding projects\\REN-AI-main (1)\\REN-AI-main\\data\\ren_memory.db'
[2026-08-22 00:34:00] [ERROR] [ren.errors]: Database error during initialization: no such column: user_id. Attempting recovery...
[2026-08-22 00:34:00] [ERROR] [ren.errors]: Failed restoring backup: [WinError 32] The process cannot access the file because it is being used by another process: 'D:\\Coding projects\\REN-AI-main (1)\\REN-AI-main\\data\\ren_memory.db'
[2026-08-22 00:34:00] [ERROR] [ren.errors]: Database error during initialization: no such column: user_id. Attempting recovery...
[2026-08-22 00:34:00] [ERROR] [ren.errors]: Failed restoring backup: [WinError 32] The process cannot access the file because it is being used by another process: 'D:\\Coding projects\\REN-AI-main (1)\\REN-AI-main\\data\\ren_memory.db'
[2026-08-22 00:34:00] [ERROR] [ren.errors]: Database error during initialization: no such column: user_id. Attempting recovery...
[2026-08-22 00:34:00] [ERROR] [ren.errors]: Failed restoring backup: [WinError 32] The process cannot access the file because it is being used by another process: 'D:\\Coding projects\\REN-AI-main (1)\\REN-AI-main\\data\\ren_memory.db'
[2026-08-22 00:34:00] [ERROR] [ren.errors]: Database error during initialization: no such column: user_id. Attempting recovery...
[2026-08-22 00:34:00] [ERROR] [ren.errors]: Failed restoring backup: [WinError 32] The process cannot access the file because it is being used by another process: 'D:\\Coding projects\\REN-AI-main (1)\\REN-AI-main\\data\\ren_memory.db'
[2026-08-22 00:34:00] [ERROR] [ren.errors]: Database error during initialization: no such column: user_id. Attempting recovery...
[2026-08-22 00:34:00] [ERROR] [ren.errors]: Failed restoring backup: [WinError 32] The process cannot access the file because it is being used by another process: 'D:\\Coding projects\\REN-AI-main (1)\\REN-AI-main\\data\\ren_memory.db'
[2026-08-22 00:34:00] [ERROR] [ren.errors]: Database error during initialization: no such column: user_id. Attempting recovery...
[2026-08-22 00:34:00] [ERROR] [ren.errors]: Failed restoring backup: [WinError 32] The process cannot access the file because it is being used by another process: 'D:\\Coding projects\\REN-AI-main (1)\\REN-AI-main\\data\\ren_memory.db'
[2026-08-22 00:34:00] [ERROR] [ren.errors]: Database error during initialization: no such column: user_id. Attempting recovery...
[2026-08-22 00:34:00] [ERROR] [ren.errors]: Failed restoring backup: [WinError 32] The process cannot access the file because it is being used by another process: 'D:\\Coding projects\\REN-AI-main (1)\\REN-AI-main\\data\\ren_memory.db'
[2026-08-22 00:34:00] [ERROR] [ren.errors]: Database error during initialization: no such column: user_id. Attempting recovery...
[2026-08-22 00:34:00] [ERROR] [ren.errors]: Failed restoring backup: [WinError 32] The process cannot access the file because it is being used by another process: 'D:\\Coding projects\\REN-AI-main (1)\\REN-AI-main\\data\\ren_memory.db'
[2026-08-22 00:34:00] [ERROR] [ren.errors]: Database error during initialization: no such column: user_id. Attempting recovery...
[2026-08-22 00:34:00] [ERROR] [ren.errors]: Failed restoring backup: [WinError 32] The process cannot access the file because it is being used by another process: 'D:\\Coding projects\\REN-AI-main (1)\\REN-AI-main\\data\\ren_memory.db'
[2026-08-22 00:34:00] [ERROR] [ren.errors]: Database error during initialization: no such column: user_id. Attempting recovery...
[2026-08-22 00:34:00] [ERROR] [ren.errors]: Failed restoring backup: [WinError 32] The process cannot access the file because it is being used by another process: 'D:\\Coding projects\\REN-AI-main (1)\\REN-AI-main\\data\\ren_memory.db'
[2026-08-22 00:34:00] [ERROR] [ren.errors]: Database error during initialization: no such column: user_id. Attempting recovery...
[2026-08-22 00:34:00] [ERROR] [ren.errors]: Failed restoring backup: [WinError 32] The process cannot access the file because it is being used by another process: 'D:\\Coding projects\\REN-AI-main (1)\\REN-AI-main\\data\\ren_memory.db'
[2026-08-22 00:34:00] [ERROR] [ren.errors]: Database error during initialization: no such column: user_id. Attempting recovery...
[2026-08-22 00:34:00] [ERROR] [ren.errors]: Failed restoring backup: [WinError 32] The process cannot access the file because it is being used by another process: 'D:\\Coding projects\\REN-AI-main (1)\\REN-AI-main\\data\\ren_memory.db'
[2026-08-22 00:34:00] [ERROR] [ren.errors]: Database error during initialization: no such column: user_id. Attempting recovery...
[2026-08-22 00:34:00] [ERROR] [ren.errors]: Failed restoring backup: [WinError 32] The process cannot access the file because it is being used by another process: 'D:\\Coding projects\\REN-AI-main (1)\\REN-AI-main\\data\\ren_memory.db'
[2026-08-22 00:34:00] [ERROR] [ren.errors]: Database error during initialization: no such column: user_id. Attempting recovery...
[2026-08-22 00:34:00] [ERROR] [ren.errors]: Failed restoring backup: [WinError 32] The process cannot access the file because it is being used by another process: 'D:\\Coding projects\\REN-AI-main (1)\\REN-AI-main\\data\\ren_memory.db'
[2026-08-22 00:34:00] [ERROR] [ren.errors]: Database error during initialization: no such column: user_id. Attempting recovery...
[2026-08-22 00:34:00] [ERROR] [ren.errors]: Failed restoring backup: [WinError 32] The process cannot access the file because it is being used by another process: 'D:\\Coding projects\\REN-AI-main (1)\\REN-AI-main\\data\\ren_memory.db'
[2026-08-22 00:34:00] [ERROR] [ren.errors]: Database error during initialization: no such column: user_id. Attempting recovery...
[2026-08-22 00:34:00] [ERROR] [ren.errors]: Failed restoring backup: [WinError 32] The process cannot access the file because it is being used by another process: 'D:\\Coding projects\\REN-AI-main (1)\\REN-AI-main\\data\\ren_memory.db'
[2026-08-22 00:34:00] [ERROR] [ren.errors]: Database error during initialization: no such column: user_id. Attempting recovery...
[2026-08-22 00:34:00] [ERROR] [ren.errors]: Failed restoring backup: [WinError 32] The process cannot access the file because it is being used by another process: 'D:\\Coding projects\\REN-AI-main (1)\\REN-AI-main\\data\\ren_memory.db'
[2026-08-22 00:34:00] [ERROR] [ren.errors]: Database error during initialization: no such column: user_id. Attempting recovery...
[2026-08-22 00:34:00] [ERROR] [ren.errors]: Failed restoring backup: [WinError 32] The process cannot access the file because it is being used by another process: 'D:\\Coding projects\\REN-AI-main (1)\\REN-AI-main\\data\\ren_memory.db'
[2026-08-22 00:34:00] [ERROR] [ren.errors]: Database error during initialization: no such column: user_id. Attempting recovery...
[2026-08-22 00:34:00] [ERROR] [ren.errors]: Failed restoring backup: [WinError 32] The process cannot access the file because it is being used by another process: 'D:\\Coding projects\\REN-AI-main (1)\\REN-AI-main\\data\\ren_memory.db'
[2026-08-22 00:34:00] [ERROR] [ren.errors]: Database error during initialization: no such column: user_id. Attempting recovery...
[2026-08-22 00:34:00] [ERROR] [ren.errors]: Failed restoring backup: [WinError 32] The process cannot access the file because it is being used by another process: 'D:\\Coding projects\\REN-AI-main (1)\\REN-AI-main\\data\\ren_memory.db'
[2026-08-22 00:34:00] [ERROR] [ren.errors]: Database error during initialization: no such column: user_id. Attempting recovery...
[2026-08-22 00:34:00] [ERROR] [ren.errors]: Failed restoring backup: [WinError 32] The process cannot access the file because it is being used by another process: 'D:\\Coding projects\\REN-AI-main (1)\\REN-AI-main\\data\\ren_memory.db'
[2026-08-22 00:34:00] [ERROR] [ren.errors]: Database error during initialization: no such column: user_id. Attempting recovery...
[2026-08-22 00:34:00] [ERROR] [ren.errors]: Failed restoring backup: [WinError 32] The process cannot access the file because it is being used by another process: 'D:\\Coding projects\\REN-AI-main (1)\\REN-AI-main\\data\\ren_memory.db'
[2026-08-22 00:34:00] [ERROR] [ren.errors]: Database error during initialization: no such column: user_id. Attempting recovery...
[2026-08-22 00:34:00] [ERROR] [ren.errors]: Failed restoring backup: [WinError 32] The process cannot access the file because it is being used by another process: 'D:\\Coding projects\\REN-AI-main (1)\\REN-AI-main\\data\\ren_memory.db'
[2026-08-22 00:34:00] [ERROR] [ren.errors]: Database error during initialization: no such column: user_id. Attempting recovery...
[2026-08-22 00:34:00] [ERROR] [ren.errors]: Failed restoring backup: [WinError 32] The process cannot access the file because it is being used by another process: 'D:\\Coding projects\\REN-AI-main (1)\\REN-AI-main\\data\\ren_memory.db'
[2026-08-22 00:34:00] [ERROR] [ren.errors]: Database error during initialization: no such column: user_id. Attempting recovery...
[2026-08-22 00:34:00] [ERROR] [ren.errors]: Failed restoring backup: [WinError 32] The process cannot access the file because it is being used by another process: 'D:\\Coding projects\\REN-AI-main (1)\\REN-AI-main\\data\\ren_memory.db'
[2026-08-22 00:34:00] [ERROR] [ren.errors]: Database error during initialization: no such column: user_id. Attempting recovery...
[2026-08-22 00:34:00] [ERROR] [ren.errors]: Failed restoring backup: [WinError 32] The process cannot access the file because it is being used by another process: 'D:\\Coding projects\\REN-AI-main (1)\\REN-AI-main\\data\\ren_memory.db'
[2026-08-22 00:34:00] [ERROR] [ren.errors]: Database error during initialization: no such column: user_id. Attempting recovery...
[2026-08-22 00:34:00] [ERROR] [ren.errors]: Failed restoring backup: [WinError 32] The process cannot access the file because it is being used by another process: 'D:\\Coding projects\\REN-AI-main (1)\\REN-AI-main\\data\\ren_memory.db'
[2026-08-22 00:34:00] [ERROR] [ren.errors]: Database error during initialization: no such column: user_id. Attempting recovery...
[2026-08-22 00:34:00] [ERROR] [ren.errors]: Failed restoring backup: [WinError 32] The process cannot access the file because it is being used by another process: 'D:\\Coding projects\\REN-AI-main (1)\\REN-AI-main\\data\\ren_memory.db'
[2026-08-22 00:34:00] [ERROR] [ren.errors]: Database error during initialization: no such column: user_id. Attempting recovery...
[2026-08-22 00:34:00] [ERROR] [ren.errors]: Failed restoring backup: [WinError 32] The process cannot access the file because it is being used by another process: 'D:\\Coding projects\\REN-AI-main (1)\\REN-AI-main\\data\\ren_memory.db'
[2026-08-22 00:34:00] [ERROR] [ren.errors]: Database error during initialization: no such column: user_id. Attempting recovery...
[2026-08-22 00:34:00] [ERROR] [ren.errors]: Failed restoring backup: [WinError 32] The process cannot access the file because it is being used by another process: 'D:\\Coding projects\\REN-AI-main (1)\\REN-AI-main\\data\\ren_memory.db'
[2026-08-22 00:34:00] [ERROR] [ren.errors]: Database error during initialization: no such column: user_id. Attempting recovery...
[2026-08-22 00:34:00] [ERROR] [ren.errors]: Failed restoring backup: [WinError 32] The process cannot access the file because it is being used by another process: 'D:\\Coding projects\\REN-AI-main (1)\\REN-AI-main\\data\\ren_memory.db'
[2026-08-22 00:34:00] [ERROR] [ren.errors]: Database error during initialization: no such column: user_id. Attempting recovery...
[2026-08-22 00:34:00] [ERROR] [ren.errors]: Failed restoring backup: [WinError 32] The process cannot access the file because it is being used by another process: 'D:\\Coding projects\\REN-AI-main (1)\\REN-AI-main\\data\\ren_memory.db'
[2026-08-22 00:34:00] [ERROR] [ren.errors]: Database error during initialization: no such column: user_id. Attempting recovery...
[2026-08-22 00:34:00] [ERROR] [ren.errors]: Failed restoring backup: [WinError 32] The process cannot access the file because it is being used by another process: 'D:\\Coding projects\\REN-AI-main (1)\\REN-AI-main\\data\\ren_memory.db'
[2026-08-22 00:34:00] [ERROR] [ren.errors]: Database error during initialization: no such column: user_id. Attempting recovery...
[2026-08-22 00:34:00] [ERROR] [ren.errors]: Failed restoring backup: [WinError 32] The process cannot access the file because it is being used by another process: 'D:\\Coding projects\\REN-AI-main (1)\\REN-AI-main\\data\\ren_memory.db'
[2026-08-22 00:34:00] [ERROR] [ren.errors]: Database error during initialization: no such column: user_id. Attempting recovery...
[2026-08-22 00:34:00] [ERROR] [ren.errors]: Failed restoring backup: [WinError 32] The process cannot access the file because it is being used by another process: 'D:\\Coding projects\\REN-AI-main (1)\\REN-AI-main\\data\\ren_memory.db'
[2026-08-22 00:34:00] [ERROR] [ren.errors]: Database error during initialization: no such column: user_id. Attempting recovery...
[2026-08-22 00:34:00] [ERROR] [ren.errors]: Failed restoring backup: [WinError 32] The process cannot access the file because it is being used by another process: 'D:\\Coding projects\\REN-AI-main (1)\\REN-AI-main\\data\\ren_memory.db'
[2026-08-22 00:34:00] [ERROR] [ren.errors]: Database error during initialization: no such column: user_id. Attempting recovery...
[2026-08-22 00:34:00] [ERROR] [ren.errors]: Failed restoring backup: [WinError 32] The process cannot access the file because it is being used by another process: 'D:\\Coding projects\\REN-AI-main (1)\\REN-AI-main\\data\\ren_memory.db'
[2026-08-22 00:34:00] [ERROR] [ren.errors]: Database error during initialization: no such column: user_id. Attempting recovery...
[2026-08-22 00:34:00] [ERROR] [ren.errors]: Failed restoring backup: [WinError 32] The process cannot access the file because it is being used by another process: 'D:\\Coding projects\\REN-AI-main (1)\\REN-AI-main\\data\\ren_memory.db'
[2026-08-22 00:34:00] [ERROR] [ren.errors]: Database error during initialization: no such column: user_id. Attempting recovery...
[2026-08-22 00:34:00] [ERROR] [ren.errors]: Failed restoring backup: [WinError 32] The process cannot access the file because it is being used by another process: 'D:\\Coding projects\\REN-AI-main (1)\\REN-AI-main\\data\\ren_memory.db'
[2026-08-22 00:34:00] [ERROR] [ren.errors]: Database error during initialization: no such column: user_id. Attempting recovery...
[2026-08-22 00:34:00] [ERROR] [ren.errors]: Failed restoring backup: [WinError 32] The process cannot access the file because it is being used by another process: 'D:\\Coding projects\\REN-AI-main (1)\\REN-AI-main\\data\\ren_memory.db'
[2026-08-22 00:34:00] [ERROR] [ren.errors]: Database error during initialization: no such column: user_id. Attempting recovery...
[2026-08-22 00:34:00] [ERROR] [ren.errors]: Failed restoring backup: [WinError 32] The process cannot access the file because it is being used by another process: 'D:\\Coding projects\\REN-AI-main (1)\\REN-AI-main\\data\\ren_memory.db'
[2026-08-22 00:34:00] [ERROR] [ren.errors]: Database error during initialization: no such column: user_id. Attempting recovery...
[2026-08-22 00:34:00] [ERROR] [ren.errors]: Failed restoring backup: [WinError 32] The process cannot access the file because it is being used by another process: 'D:\\Coding projects\\REN-AI-main (1)\\REN-AI-main\\data\\ren_memory.db'
[2026-08-22 00:34:00] [ERROR] [ren.errors]: Database error during initialization: no such column: user_id. Attempting recovery...
[2026-08-22 00:34:00] [ERROR] [ren.errors]: Failed restoring backup: [WinError 32] The process cannot access the file because it is being used by another process: 'D:\\Coding projects\\REN-AI-main (1)\\REN-AI-main\\data\\ren_memory.db'
[2026-08-22 00:34:00] [ERROR] [ren.errors]: Database error during initialization: no such column: user_id. Attempting recovery...
[2026-08-22 00:34:00] [ERROR] [ren.errors]: Failed restoring backup: [WinError 32] The process cannot access the file because it is being used by another process: 'D:\\Coding projects\\REN-AI-main (1)\\REN-AI-main\\data\\ren_memory.db'
[2026-08-22 00:34:00] [ERROR] [ren.errors]: Database error during initialization: no such column: user_id. Attempting recovery...
[2026-08-22 00:34:00] [ERROR] [ren.errors]: Failed restoring backup: [WinError 32] The process cannot access the file because it is being used by another process: 'D:\\Coding projects\\REN-AI-main (1)\\REN-AI-main\\data\\ren_memory.db'
[2026-08-22 00:34:00] [ERROR] [ren.errors]: Database error during initialization: no such column: user_id. Attempting recovery...
[2026-08-22 00:34:00] [ERROR] [ren.errors]: Failed restoring backup: [WinError 32] The process cannot access the file because it is being used by another process: 'D:\\Coding projects\\REN-AI-main (1)\\REN-AI-main\\data\\ren_memory.db'
[2026-08-22 00:34:00] [ERROR] [ren.errors]: Database error during initialization: no such column: user_id. Attempting recovery...
[2026-08-22 00:34:00] [ERROR] [ren.errors]: Failed restoring backup: [WinError 32] The process cannot access the file because it is being used by another process: 'D:\\Coding projects\\REN-AI-main (1)\\REN-AI-main\\data\\ren_memory.db'
[2026-08-22 00:34:00] [ERROR] [ren.errors]: Database error during initialization: no such column: user_id. Attempting recovery...
[2026-08-22 00:34:00] [ERROR] [ren.errors]: Failed restoring backup: [WinError 32] The process cannot access the file because it is being used by another process: 'D:\\Coding projects\\REN-AI-main (1)\\REN-AI-main\\data\\ren_memory.db'
[2026-08-22 00:34:00] [ERROR] [ren.errors]: Database error during initialization: no such column: user_id. Attempting recovery...
[2026-08-22 00:34:00] [ERROR] [ren.errors]: Failed restoring backup: [WinError 32] The process cannot access the file because it is being used by another process: 'D:\\Coding projects\\REN-AI-main (1)\\REN-AI-main\\data\\ren_memory.db'
[2026-08-22 00:34:00] [ERROR] [ren.errors]: Database error during initialization: no such column: user_id. Attempting recovery...
[2026-08-22 00:34:00] [ERROR] [ren.errors]: Failed restoring backup: [WinError 32] The process cannot access the file because it is being used by another process: 'D:\\Coding projects\\REN-AI-main (1)\\REN-AI-main\\data\\ren_memory.db'
[2026-08-22 00:34:00] [ERROR] [ren.errors]: Database error during initialization: no such column: user_id. Attempting recovery...
[2026-08-22 00:34:00] [ERROR] [ren.errors]: Failed restoring backup: [WinError 32] The process cannot access the file because it is being used by another process: 'D:\\Coding projects\\REN-AI-main (1)\\REN-AI-main\\data\\ren_memory.db'
[2026-08-22 00:34:00] [ERROR] [ren.errors]: Database error during initialization: no such column: user_id. Attempting recovery...
[2026-08-22 00:34:00] [ERROR] [ren.errors]: Failed restoring backup: [WinError 32] The process cannot access the file because it is being used by another process: 'D:\\Coding projects\\REN-AI-main (1)\\REN-AI-main\\data\\ren_memory.db'
[2026-08-22 00:34:00] [ERROR] [ren.errors]: Database error during initialization: no such column: user_id. Attempting recovery...
[2026-08-22 00:34:00] [ERROR] [ren.errors]: Failed restoring backup: [WinError 32] The process cannot access the file because it is being used by another process: 'D:\\Coding projects\\REN-AI-main (1)\\REN-AI-main\\data\\ren_memory.db'
[2026-08-22 00:34:00] [ERROR] [ren.errors]: Database error during initialization: no such column: user_id. Attempting recovery...
[2026-08-22 00:34:00] [ERROR] [ren.errors]: Failed restoring backup: [WinError 32] The process cannot access the file because it is being used by another process: 'D:\\Coding projects\\REN-AI-main (1)\\REN-AI-main\\data\\ren_memory.db'
[2026-08-22 00:34:00] [ERROR] [ren.errors]: Database error during initialization: no such column: user_id. Attempting recovery...
[2026-08-22 00:34:00] [ERROR] [ren.errors]: Failed restoring backup: [WinError 32] The process cannot access the file because it is being used by another process: 'D:\\Coding projects\\REN-AI-main (1)\\REN-AI-main\\data\\ren_memory.db'
[2026-08-22 00:34:00] [ERROR] [ren.errors]: Database error during initialization: no such column: user_id. Attempting recovery...
[2026-08-22 00:34:00] [ERROR] [ren.errors]: Failed restoring backup: [WinError 32] The process cannot access the file because it is being used by another process: 'D:\\Coding projects\\REN-AI-main (1)\\REN-AI-main\\data\\ren_memory.db'
[2026-08-22 00:34:00] [ERROR] [ren.errors]: Database error during initialization: no such column: user_id. Attempting recovery...
[2026-08-22 00:34:00] [ERROR] [ren.errors]: Failed restoring backup: [WinError 32] The process cannot access the file because it is being used by another process: 'D:\\Coding projects\\REN-AI-main (1)\\REN-AI-main\\data\\ren_memory.db'
[2026-08-22 00:34:00] [ERROR] [ren.errors]: Database error during initialization: no such column: user_id. Attempting recovery...
[2026-08-22 00:34:00] [ERROR] [ren.errors]: Failed restoring backup: [WinError 32] The process cannot access the file because it is being used by another process: 'D:\\Coding projects\\REN-AI-main (1)\\REN-AI-main\\data\\ren_memory.db'
[2026-08-22 00:34:00] [ERROR] [ren.errors]: Database error during initialization: no such column: user_id. Attempting recovery...
[2026-08-22 00:34:00] [ERROR] [ren.errors]: Failed restoring backup: [WinError 32] The process cannot access the file because it is being used by another process: 'D:\\Coding projects\\REN-AI-main (1)\\REN-AI-main\\data\\ren_memory.db'
[2026-08-22 00:34:00] [ERROR] [ren.errors]: Database error during initialization: no such column: user_id. Attempting recovery...
[2026-08-22 00:34:00] [ERROR] [ren.errors]: Failed restoring backup: [WinError 32] The process cannot access the file because it is being used by another process: 'D:\\Coding projects\\REN-AI-main (1)\\REN-AI-main\\data\\ren_memory.db'
[2026-08-22 00:34:00] [ERROR] [ren.errors]: Database error during initialization: no such column: user_id. Attempting recovery...
[2026-08-22 00:34:00] [ERROR] [ren.errors]: Failed restoring backup: [WinError 32] The process cannot access the file because it is being used by another process: 'D:\\Coding projects\\REN-AI-main (1)\\REN-AI-main\\data\\ren_memory.db'
[2026-08-22 00:34:00] [ERROR] [ren.errors]: Database error during initialization: no such column: user_id. Attempting recovery...
[2026-08-22 00:34:00] [ERROR] [ren.errors]: Failed restoring backup: [WinError 32] The process cannot access the file because it is being used by another process: 'D:\\Coding projects\\REN-AI-main (1)\\REN-AI-main\\data\\ren_memory.db'
[2026-08-22 00:34:00] [ERROR] [ren.errors]: Database error during initialization: no such column: user_id. Attempting recovery...
[2026-08-22 00:34:00] [ERROR] [ren.errors]: Failed restoring backup: [WinError 32] The process cannot access the file because it is being used by another process: 'D:\\Coding projects\\REN-AI-main (1)\\REN-AI-main\\data\\ren_memory.db'
[2026-08-22 00:34:00] [ERROR] [ren.errors]: Database error during initialization: no such column: user_id. Attempting recovery...
[2026-08-22 00:34:00] [ERROR] [ren.errors]: Failed restoring backup: [WinError 32] The process cannot access the file because it is being used by another process: 'D:\\Coding projects\\REN-AI-main (1)\\REN-AI-main\\data\\ren_memory.db'
[2026-08-22 00:34:00] [ERROR] [ren.errors]: Database error during initialization: no such column: user_id. Attempting recovery...
[2026-08-22 00:34:00] [ERROR] [ren.errors]: Failed restoring backup: [WinError 32] The process cannot access the file because it is being used by another process: 'D:\\Coding projects\\REN-AI-main (1)\\REN-AI-main\\data\\ren_memory.db'
[2026-08-22 00:34:00] [ERROR] [ren.errors]: Database error during initialization: no such column: user_id. Attempting recovery...
[2026-08-22 00:34:00] [ERROR] [ren.errors]: Failed restoring backup: [WinError 32] The process cannot access the file because it is being used by another process: 'D:\\Coding projects\\REN-AI-main (1)\\REN-AI-main\\data\\ren_memory.db'
[2026-08-22 00:34:00] [ERROR] [ren.errors]: Database error during initialization: no such column: user_id. Attempting recovery...
[2026-08-22 00:34:00] [ERROR] [ren.errors]: Failed restoring backup: [WinError 32] The process cannot access the file because it is being used by another process: 'D:\\Coding projects\\REN-AI-main (1)\\REN-AI-main\\data\\ren_memory.db'
[2026-08-22 00:34:00] [ERROR] [ren.errors]: Database error during initialization: no such column: user_id. Attempting recovery...
[2026-08-22 00:34:00] [ERROR] [ren.errors]: Failed restoring backup: [WinError 32] The process cannot access the file because it is being used by another process: 'D:\\Coding projects\\REN-AI-main (1)\\REN-AI-main\\data\\ren_memory.db'
[2026-08-22 00:34:00] [ERROR] [ren.errors]: Database error during initialization: no such column: user_id. Attempting recovery...
[2026-08-22 00:34:00] [ERROR] [ren.errors]: Failed restoring backup: [WinError 32] The process cannot access the file because it is being used by another process: 'D:\\Coding projects\\REN-AI-main (1)\\REN-AI-main\\data\\ren_memory.db'
[2026-08-22 00:34:00] [ERROR] [ren.errors]: Database error during initialization: no such column: user_id. Attempting recovery...
[2026-08-22 00:34:00] [ERROR] [ren.errors]: Failed restoring backup: [WinError 32] The process cannot access the file because it is being used by another process: 'D:\\Coding projects\\REN-AI-main (1)\\REN-AI-main\\data\\ren_memory.db'
[2026-08-22 00:34:00] [ERROR] [ren.errors]: Database error during initialization: no such column: user_id. Attempting recovery...
[2026-08-22 00:34:00] [ERROR] [ren.errors]: Failed restoring backup: [WinError 32] The process cannot access the file because it is being used by another process: 'D:\\Coding projects\\REN-AI-main (1)\\REN-AI-main\\data\\ren_memory.db'
[2026-08-22 00:34:00] [ERROR] [ren.errors]: Database error during initialization: no such column: user_id. Attempting recovery...
[2026-08-22 00:34:00] [ERROR] [ren.errors]: Failed restoring backup: [WinError 32] The process cannot access the file because it is being used by another process: 'D:\\Coding projects\\REN-AI-main (1)\\REN-AI-main\\data\\ren_memory.db'
[2026-08-22 00:34:00] [ERROR] [ren.errors]: Database error during initialization: no such column: user_id. Attempting recovery...
[2026-08-22 00:34:00] [ERROR] [ren.errors]: Failed restoring backup: [WinError 32] The process cannot access the file because it is being used by another process: 'D:\\Coding projects\\REN-AI-main (1)\\REN-AI-main\\data\\ren_memory.db'
[2026-08-22 00:34:00] [ERROR] [ren.errors]: Database error during initialization: no such column: user_id. Attempting recovery...
[2026-08-22 00:34:00] [ERROR] [ren.errors]: Failed restoring backup: [WinError 32] The process cannot access the file because it is being used by another process: 'D:\\Coding projects\\REN-AI-main (1)\\REN-AI-main\\data\\ren_memory.db'
[2026-08-22 00:34:00] [ERROR] [ren.errors]: Database error during initialization: no such column: user_id. Attempting recovery...
[2026-08-22 00:34:00] [ERROR] [ren.errors]: Failed restoring backup: [WinError 32] The process cannot access the file because it is being used by another process: 'D:\\Coding projects\\REN-AI-main (1)\\REN-AI-main\\data\\ren_memory.db'
[2026-08-22 00:34:00] [ERROR] [ren.errors]: Database error during initialization: no such column: user_id. Attempting recovery...
[2026-08-22 00:34:00] [ERROR] [ren.errors]: Failed restoring backup: [WinError 32] The process cannot access the file because it is being used by another process: 'D:\\Coding projects\\REN-AI-main (1)\\REN-AI-main\\data\\ren_memory.db'
[2026-08-22 00:34:00] [ERROR] [ren.errors]: Database error during initialization: no such column: user_id. Attempting recovery...
[2026-08-22 00:34:00] [ERROR] [ren.errors]: Failed restoring backup: [WinError 32] The process cannot access the file because it is being used by another process: 'D:\\Coding projects\\REN-AI-main (1)\\REN-AI-main\\data\\ren_memory.db'
[2026-08-22 00:34:00] [ERROR] [ren.errors]: Database error during initialization: no such column: user_id. Attempting recovery...
[2026-08-22 00:34:00] [ERROR] [ren.errors]: Failed restoring backup: [WinError 32] The process cannot access the file because it is being used by another process: 'D:\\Coding projects\\REN-AI-main (1)\\REN-AI-main\\data\\ren_memory.db'
[2026-08-22 00:34:00] [ERROR] [ren.errors]: Database error during initialization: no such column: user_id. Attempting recovery...
[2026-08-22 00:34:00] [ERROR] [ren.errors]: Failed restoring backup: [WinError 32] The process cannot access the file because it is being used by another process: 'D:\\Coding projects\\REN-AI-main (1)\\REN-AI-main\\data\\ren_memory.db'
[2026-08-22 00:34:00] [ERROR] [ren.errors]: Database error during initialization: no such column: user_id. Attempting recovery...
[2026-08-22 00:34:00] [ERROR] [ren.errors]: Failed restoring backup: [WinError 32] The process cannot access the file because it is being used by another process: 'D:\\Coding projects\\REN-AI-main (1)\\REN-AI-main\\data\\ren_memory.db'
[2026-08-22 00:34:00] [ERROR] [ren.errors]: Database error during initialization: no such column: user_id. Attempting recovery...
[2026-08-22 00:34:00] [ERROR] [ren.errors]: Failed restoring backup: [WinError 32] The process cannot access the file because it is being used by another process: 'D:\\Coding projects\\REN-AI-main (1)\\REN-AI-main\\data\\ren_memory.db'
[2026-08-22 00:34:00] [ERROR] [ren.errors]: Database error during initialization: no such column: user_id. Attempting recovery...
[2026-08-22 00:34:00] [ERROR] [ren.errors]: Failed restoring backup: [WinError 32] The process cannot access the file because it is being used by another process: 'D:\\Coding projects\\REN-AI-main (1)\\REN-AI-main\\data\\ren_memory.db'
[2026-08-22 00:34:00] [ERROR] [ren.errors]: Database error during initialization: no such column: user_id. Attempting recovery...
[2026-08-22 00:34:00] [ERROR] [ren.errors]: Failed restoring backup: [WinError 32] The process cannot access the file because it is being used by another process: 'D:\\Coding projects\\REN-AI-main (1)\\REN-AI-main\\data\\ren_memory.db'
[2026-08-22 00:34:00] [ERROR] [ren.errors]: Database error during initialization: no such column: user_id. Attempting recovery...
[2026-08-22 00:34:00] [ERROR] [ren.errors]: Failed restoring backup: [WinError 32] The process cannot access the file because it is being used by another process: 'D:\\Coding projects\\REN-AI-main (1)\\REN-AI-main\\data\\ren_memory.db'
[2026-08-22 00:34:00] [ERROR] [ren.errors]: Database error during initialization: no such column: user_id. Attempting recovery...
[2026-08-22 00:34:00] [ERROR] [ren.errors]: Failed restoring backup: [WinError 32] The process cannot access the file because it is being used by another process: 'D:\\Coding projects\\REN-AI-main (1)\\REN-AI-main\\data\\ren_memory.db'
[2026-08-22 00:34:00] [ERROR] [ren.errors]: Database error during initialization: no such column: user_id. Attempting recovery...
[2026-08-22 00:34:00] [ERROR] [ren.errors]: Failed restoring backup: [WinError 32] The process cannot access the file because it is being used by another process: 'D:\\Coding projects\\REN-AI-main (1)\\REN-AI-main\\data\\ren_memory.db'
[2026-08-22 00:34:00] [ERROR] [ren.errors]: Database error during initialization: no such column: user_id. Attempting recovery...
[2026-08-22 00:34:00] [ERROR] [ren.errors]: Failed restoring backup: [WinError 32] The process cannot access the file because it is being used by another process: 'D:\\Coding projects\\REN-AI-main (1)\\REN-AI-main\\data\\ren_memory.db'
[2026-08-22 00:34:00] [ERROR] [ren.errors]: Database error during initialization: no such column: user_id. Attempting recovery...
[2026-08-22 00:34:00] [ERROR] [ren.errors]: Failed restoring backup: [WinError 32] The process cannot access the file because it is being used by another process: 'D:\\Coding projects\\REN-AI-main (1)\\REN-AI-main\\data\\ren_memory.db'
[2026-08-22 00:34:00] [ERROR] [ren.errors]: Database error during initialization: no such column: user_id. Attempting recovery...
[2026-08-22 00:34:00] [ERROR] [ren.errors]: Failed restoring backup: [WinError 32] The process cannot access the file because it is being used by another process: 'D:\\Coding projects\\REN-AI-main (1)\\REN-AI-main\\data\\ren_memory.db'
[2026-08-22 00:34:00] [ERROR] [ren.errors]: Database error during initialization: no such column: user_id. Attempting recovery...
[2026-08-22 00:34:00] [ERROR] [ren.errors]: Failed restoring backup: [WinError 32] The process cannot access the file because it is being used by another process: 'D:\\Coding projects\\REN-AI-main (1)\\REN-AI-main\\data\\ren_memory.db'
[2026-08-22 00:34:00] [ERROR] [ren.errors]: Database error during initialization: no such column: user_id. Attempting recovery...
[2026-08-22 00:34:00] [ERROR] [ren.errors]: Failed restoring backup: [WinError 32] The process cannot access the file because it is being used by another process: 'D:\\Coding projects\\REN-AI-main (1)\\REN-AI-main\\data\\ren_memory.db'
[2026-08-22 00:34:00] [ERROR] [ren.errors]: Database error during initialization: no such column: user_id. Attempting recovery...
[2026-08-22 00:34:00] [ERROR] [ren.errors]: Failed restoring backup: [WinError 32] The process cannot access the file because it is being used by another process: 'D:\\Coding projects\\REN-AI-main (1)\\REN-AI-main\\data\\ren_memory.db'
[2026-08-22 00:34:00] [ERROR] [ren.errors]: Database error during initialization: no such column: user_id. Attempting recovery...
[2026-08-22 00:34:00] [ERROR] [ren.errors]: Failed restoring backup: [WinError 32] The process cannot access the file because it is being used by another process: 'D:\\Coding projects\\REN-AI-main (1)\\REN-AI-main\\data\\ren_memory.db'
[2026-08-22 00:34:00] [ERROR] [ren.errors]: Database error during initialization: no such column: user_id. Attempting recovery...
[2026-08-22 00:34:00] [ERROR] [ren.errors]: Failed restoring backup: [WinError 32] The process cannot access the file because it is being used by another process: 'D:\\Coding projects\\REN-AI-main (1)\\REN-AI-main\\data\\ren_memory.db'
[2026-08-22 00:34:00] [ERROR] [ren.errors]: Database error during initialization: no such column: user_id. Attempting recovery...
[2026-08-22 00:34:00] [ERROR] [ren.errors]: Failed restoring backup: [WinError 32] The process cannot access the file because it is being used by another process: 'D:\\Coding projects\\REN-AI-main (1)\\REN-AI-main\\data\\ren_memory.db'
[2026-08-22 00:34:00] [ERROR] [ren.errors]: Database error during initialization: no such column: user_id. Attempting recovery...
[2026-08-22 00:34:00] [ERROR] [ren.errors]: Failed restoring backup: [WinError 32] The process cannot access the file because it is being used by another process: 'D:\\Coding projects\\REN-AI-main (1)\\REN-AI-main\\data\\ren_memory.db'
[2026-08-22 00:34:00] [ERROR] [ren.errors]: Database error during initialization: no such column: user_id. Attempting recovery...
[2026-08-22 00:34:00] [ERROR] [ren.errors]: Failed restoring backup: [WinError 32] The process cannot access the file because it is being used by another process: 'D:\\Coding projects\\REN-AI-main (1)\\REN-AI-main\\data\\ren_memory.db'
[2026-08-22 00:34:00] [ERROR] [ren.errors]: Database error during initialization: no such column: user_id. Attempting recovery...
[2026-08-22 00:34:00] [ERROR] [ren.errors]: Failed restoring backup: [WinError 32] The process cannot access the file because it is being used by another process: 'D:\\Coding projects\\REN-AI-main (1)\\REN-AI-main\\data\\ren_memory.db'
[2026-08-22 00:34:00] [ERROR] [ren.errors]: Database error during initialization: no such column: user_id. Attempting recovery...
[2026-08-22 00:34:00] [ERROR] [ren.errors]: Failed restoring backup: [WinError 32] The process cannot access the file because it is being used by another process: 'D:\\Coding projects\\REN-AI-main (1)\\REN-AI-main\\data\\ren_memory.db'
[2026-08-22 00:34:00] [ERROR] [ren.errors]: Database error during initialization: no such column: user_id. Attempting recovery...
[2026-08-22 00:34:00] [ERROR] [ren.errors]: Failed restoring backup: [WinError 32] The process cannot access the file because it is being used by another process: 'D:\\Coding projects\\REN-AI-main (1)\\REN-AI-main\\data\\ren_memory.db'
[2026-08-22 00:34:00] [ERROR] [ren.errors]: Database error during initialization: no such column: user_id. Attempting recovery...
[2026-08-22 00:34:00] [ERROR] [ren.errors]: Failed restoring backup: [WinError 32] The process cannot access the file because it is being used by another process: 'D:\\Coding projects\\REN-AI-main (1)\\REN-AI-main\\data\\ren_memory.db'
[2026-08-22 00:34:00] [ERROR] [ren.errors]: Database error during initialization: no such column: user_id. Attempting recovery...
[2026-08-22 00:34:00] [ERROR] [ren.errors]: Failed restoring backup: [WinError 32] The process cannot access the file because it is being used by another process: 'D:\\Coding projects\\REN-AI-main (1)\\REN-AI-main\\data\\ren_memory.db'
[2026-08-22 00:34:00] [ERROR] [ren.errors]: Database error during initialization: no such column: user_id. Attempting recovery...
[2026-08-22 00:34:00] [ERROR] [ren.errors]: Failed restoring backup: [WinError 32] The process cannot access the file because it is being used by another process: 'D:\\Coding projects\\REN-AI-main (1)\\REN-AI-main\\data\\ren_memory.db'
[2026-08-22 00:34:00] [ERROR] [ren.errors]: Database error during initialization: no such column: user_id. Attempting recovery...
[2026-08-22 00:34:00] [ERROR] [ren.errors]: Failed restoring backup: [WinError 32] The process cannot access the file because it is being used by another process: 'D:\\Coding projects\\REN-AI-main (1)\\REN-AI-main\\data\\ren_memory.db'
[2026-08-22 00:34:00] [ERROR] [ren.errors]: Database error during initialization: no such column: user_id. Attempting recovery...
[2026-08-22 00:34:00] [ERROR] [ren.errors]: Failed restoring backup: [WinError 32] The process cannot access the file because it is being used by another process: 'D:\\Coding projects\\REN-AI-main (1)\\REN-AI-main\\data\\ren_memory.db'
[2026-08-22 00:34:00] [ERROR] [ren.errors]: Database error during initialization: no such column: user_id. Attempting recovery...
[2026-08-22 00:34:00] [ERROR] [ren.errors]: Failed restoring backup: [WinError 32] The process cannot access the file because it is being used by another process: 'D:\\Coding projects\\REN-AI-main (1)\\REN-AI-main\\data\\ren_memory.db'
[2026-08-22 00:34:00] [ERROR] [ren.errors]: Database error during initialization: no such column: user_id. Attempting recovery...
[2026-08-22 00:34:00] [ERROR] [ren.errors]: Failed restoring backup: [WinError 32] The process cannot access the file because it is being used by another process: 'D:\\Coding projects\\REN-AI-main (1)\\REN-AI-main\\data\\ren_memory.db'
[2026-08-22 00:34:00] [ERROR] [ren.errors]: Database error during initialization: no such column: user_id. Attempting recovery...
[2026-08-22 00:34:00] [ERROR] [ren.errors]: Failed restoring backup: [WinError 32] The process cannot access the file because it is being used by another process: 'D:\\Coding projects\\REN-AI-main (1)\\REN-AI-main\\data\\ren_memory.db'
[2026-08-22 00:34:00] [ERROR] [ren.errors]: Database error during initialization: no such column: user_id. Attempting recovery...
[2026-08-22 00:34:00] [ERROR] [ren.errors]: Failed restoring backup: [WinError 32] The process cannot access the file because it is being used by another process: 'D:\\Coding projects\\REN-AI-main (1)\\REN-AI-main\\data\\ren_memory.db'
[2026-08-22 00:34:00] [ERROR] [ren.errors]: Database error during initialization: no such column: user_id. Attempting recovery...
[2026-08-22 00:34:00] [ERROR] [ren.errors]: Failed restoring backup: [WinError 32] The process cannot access the file because it is being used by another process: 'D:\\Coding projects\\REN-AI-main (1)\\REN-AI-main\\data\\ren_memory.db'
[2026-08-22 00:34:00] [ERROR] [ren.errors]: Database error during initialization: no such column: user_id. Attempting recovery...
[2026-08-22 00:34:00] [ERROR] [ren.errors]: Failed restoring backup: [WinError 32] The process cannot access the file because it is being used by another process: 'D:\\Coding projects\\REN-AI-main (1)\\REN-AI-main\\data\\ren_memory.db'
[2026-08-22 00:34:00] [ERROR] [ren.errors]: Database error during initialization: no such column: user_id. Attempting recovery...
[2026-08-22 00:34:00] [ERROR] [ren.errors]: Failed restoring backup: [WinError 32] The process cannot access the file because it is being used by another process: 'D:\\Coding projects\\REN-AI-main (1)\\REN-AI-main\\data\\ren_memory.db'
[2026-08-22 00:34:00] [ERROR] [ren.errors]: Database error during initialization: no such column: user_id. Attempting recovery...
[2026-08-22 00:34:00] [ERROR] [ren.errors]: Failed restoring backup: [WinError 32] The process cannot access the file because it is being used by another process: 'D:\\Coding projects\\REN-AI-main (1)\\REN-AI-main\\data\\ren_memory.db'
[2026-08-22 00:34:00] [ERROR] [ren.errors]: Database error during initialization: no such column: user_id. Attempting recovery...
[2026-08-22 00:34:00] [ERROR] [ren.errors]: Failed restoring backup: [WinError 32] The process cannot access the file because it is being used by another process: 'D:\\Coding projects\\REN-AI-main (1)\\REN-AI-main\\data\\ren_memory.db'
[2026-08-22 00:34:00] [ERROR] [ren.errors]: Database error during initialization: no such column: user_id. Attempting recovery...
[2026-08-22 00:34:00] [ERROR] [ren.errors]: Failed restoring backup: [WinError 32] The process cannot access the file because it is being used by another process: 'D:\\Coding projects\\REN-AI-main (1)\\REN-AI-main\\data\\ren_memory.db'
[2026-08-22 00:34:00] [ERROR] [ren.errors]: Database error during initialization: no such column: user_id. Attempting recovery...
[2026-08-22 00:34:00] [ERROR] [ren.errors]: Failed restoring backup: [WinError 32] The process cannot access the file because it is being used by another process: 'D:\\Coding projects\\REN-AI-main (1)\\REN-AI-main\\data\\ren_memory.db'
[2026-08-22 00:34:00] [ERROR] [ren.errors]: Database error during initialization: no such column: user_id. Attempting recovery...
[2026-08-22 00:34:00] [ERROR] [ren.errors]: Failed restoring backup: [WinError 32] The process cannot access the file because it is being used by another process: 'D:\\Coding projects\\REN-AI-main (1)\\REN-AI-main\\data\\ren_memory.db'
[2026-08-22 00:34:00] [ERROR] [ren.errors]: Database error during initialization: no such column: user_id. Attempting recovery...
[2026-08-22 00:34:00] [ERROR] [ren.errors]: Failed restoring backup: [WinError 32] The process cannot access the file because it is being used by another process: 'D:\\Coding projects\\REN-AI-main (1)\\REN-AI-main\\data\\ren_memory.db'
[2026-08-22 00:34:00] [ERROR] [ren.errors]: Database error during initialization: no such column: user_id. Attempting recovery...
[2026-08-22 00:34:00] [ERROR] [ren.errors]: Failed restoring backup: [WinError 32] The process cannot access the file because it is being used by another process: 'D:\\Coding projects\\REN-AI-main (1)\\REN-AI-main\\data\\ren_memory.db'
[2026-08-22 00:34:00] [ERROR] [ren.errors]: Database error during initialization: no such column: user_id. Attempting recovery...
[2026-08-22 00:34:00] [ERROR] [ren.errors]: Failed restoring backup: [WinError 32] The process cannot access the file because it is being used by another process: 'D:\\Coding projects\\REN-AI-main (1)\\REN-AI-main\\data\\ren_memory.db'
[2026-08-22 00:34:00] [ERROR] [ren.errors]: Database error during initialization: no such column: user_id. Attempting recovery...
[2026-08-22 00:34:00] [ERROR] [ren.errors]: Failed restoring backup: [WinError 32] The process cannot access the file because it is being used by another process: 'D:\\Coding projects\\REN-AI-main (1)\\REN-AI-main\\data\\ren_memory.db'
[2026-08-22 00:34:00] [ERROR] [ren.errors]: Database error during initialization: no such column: user_id. Attempting recovery...
[2026-08-22 00:34:00] [ERROR] [ren.errors]: Failed restoring backup: [WinError 32] The process cannot access the file because it is being used by another process: 'D:\\Coding projects\\REN-AI-main (1)\\REN-AI-main\\data\\ren_memory.db'
[2026-08-22 00:34:01] [ERROR] [ren.errors]: Database error during initialization: no such column: user_id. Attempting recovery...
[2026-08-22 00:34:01] [ERROR] [ren.errors]: Failed restoring backup: [WinError 32] The process cannot access the file because it is being used by another process: 'D:\\Coding projects\\REN-AI-main (1)\\REN-AI-main\\data\\ren_memory.db'
[2026-08-22 00:34:01] [ERROR] [ren.errors]: Database error during initialization: no such column: user_id. Attempting recovery...
[2026-08-22 00:34:01] [ERROR] [ren.errors]: Failed restoring backup: [WinError 32] The process cannot access the file because it is being used by another process: 'D:\\Coding projects\\REN-AI-main (1)\\REN-AI-main\\data\\ren_memory.db'
[2026-08-22 00:34:01] [ERROR] [ren.errors]: Database error during initialization: no such column: user_id. Attempting recovery...
[2026-08-22 00:34:01] [ERROR] [ren.errors]: Failed restoring backup: [WinError 32] The process cannot access the file because it is being used by another process: 'D:\\Coding projects\\REN-AI-main (1)\\REN-AI-main\\data\\ren_memory.db'
[2026-08-22 00:34:01] [ERROR] [ren.errors]: Database error during initialization: no such column: user_id. Attempting recovery...
[2026-08-22 00:34:01] [ERROR] [ren.errors]: Failed restoring backup: [WinError 32] The process cannot access the file because it is being used by another process: 'D:\\Coding projects\\REN-AI-main (1)\\REN-AI-main\\data\\ren_memory.db'
[2026-08-22 00:34:01] [ERROR] [ren.errors]: Database error during initialization: no such column: user_id. Attempting recovery...
[2026-08-22 00:34:01] [ERROR] [ren.errors]: Failed restoring backup: [WinError 32] The process cannot access the file because it is being used by another process: 'D:\\Coding projects\\REN-AI-main (1)\\REN-AI-main\\data\\ren_memory.db'
[2026-08-22 00:34:01] [ERROR] [ren.errors]: Database error during initialization: no such column: user_id. Attempting recovery...
[2026-08-22 00:34:01] [ERROR] [ren.errors]: Failed restoring backup: [WinError 32] The process cannot access the file because it is being used by another process: 'D:\\Coding projects\\REN-AI-main (1)\\REN-AI-main\\data\\ren_memory.db'
[2026-08-22 00:34:01] [ERROR] [ren.errors]: Database error during initialization: no such column: user_id. Attempting recovery...
[2026-08-22 00:34:01] [ERROR] [ren.errors]: Failed restoring backup: [WinError 32] The process cannot access the file because it is being used by another process: 'D:\\Coding projects\\REN-AI-main (1)\\REN-AI-main\\data\\ren_memory.db'
[2026-08-22 00:34:01] [ERROR] [ren.errors]: Database error during initialization: no such column: user_id. Attempting recovery...
[2026-08-22 00:34:01] [ERROR] [ren.errors]: Failed restoring backup: [WinError 32] The process cannot access the file because it is being used by another process: 'D:\\Coding projects\\REN-AI-main (1)\\REN-AI-main\\data\\ren_memory.db'
[2026-08-22 00:34:01] [ERROR] [ren.errors]: Database error during initialization: no such column: user_id. Attempting recovery...
[2026-08-22 00:34:01] [ERROR] [ren.errors]: Failed restoring backup: [WinError 32] The process cannot access the file because it is being used by another process: 'D:\\Coding projects\\REN-AI-main (1)\\REN-AI-main\\data\\ren_memory.db'
[2026-08-22 00:34:01] [ERROR] [ren.errors]: Database error during initialization: no such column: user_id. Attempting recovery...
[2026-08-22 00:34:01] [ERROR] [ren.errors]: Failed restoring backup: [WinError 32] The process cannot access the file because it is being used by another process: 'D:\\Coding projects\\REN-AI-main (1)\\REN-AI-main\\data\\ren_memory.db'
[2026-08-22 00:34:01] [ERROR] [ren.errors]: Database error during initialization: no such column: user_id. Attempting recovery...
[2026-08-22 00:34:01] [ERROR] [ren.errors]: Failed restoring backup: [WinError 32] The process cannot access the file because it is being used by another process: 'D:\\Coding projects\\REN-AI-main (1)\\REN-AI-main\\data\\ren_memory.db'
[2026-08-22 00:34:01] [ERROR] [ren.errors]: Database error during initialization: no such column: user_id. Attempting recovery...
[2026-08-22 00:34:01] [ERROR] [ren.errors]: Failed restoring backup: [WinError 32] The process cannot access the file because it is being used by another process: 'D:\\Coding projects\\REN-AI-main (1)\\REN-AI-main\\data\\ren_memory.db'
[2026-08-22 00:34:01] [ERROR] [ren.errors]: Database error during initialization: no such column: user_id. Attempting recovery...
[2026-08-22 00:34:01] [ERROR] [ren.errors]: Failed restoring backup: [WinError 32] The process cannot access the file because it is being used by another process: 'D:\\Coding projects\\REN-AI-main (1)\\REN-AI-main\\data\\ren_memory.db'
[2026-08-22 00:34:01] [ERROR] [ren.errors]: Database error during initialization: no such column: user_id. Attempting recovery...
[2026-08-22 00:34:01] [ERROR] [ren.errors]: Failed restoring backup: [WinError 32] The process cannot access the file because it is being used by another process: 'D:\\Coding projects\\REN-AI-main (1)\\REN-AI-main\\data\\ren_memory.db'
[2026-08-22 00:34:01] [ERROR] [ren.errors]: Database error during initialization: no such column: user_id. Attempting recovery...
[2026-08-22 00:34:01] [ERROR] [ren.errors]: Failed restoring backup: [WinError 32] The process cannot access the file because it is being used by another process: 'D:\\Coding projects\\REN-AI-main (1)\\REN-AI-main\\data\\ren_memory.db'
[2026-08-22 00:34:01] [ERROR] [ren.errors]: Database error during initialization: no such column: user_id. Attempting recovery...
[2026-08-22 00:34:01] [ERROR] [ren.errors]: Failed restoring backup: [WinError 32] The process cannot access the file because it is being used by another process: 'D:\\Coding projects\\REN-AI-main (1)\\REN-AI-main\\data\\ren_memory.db'
[2026-08-22 00:34:01] [ERROR] [ren.errors]: Database error during initialization: no such column: user_id. Attempting recovery...
[2026-08-22 00:34:01] [ERROR] [ren.errors]: Failed restoring backup: [WinError 32] The process cannot access the file because it is being used by another process: 'D:\\Coding projects\\REN-AI-main (1)\\REN-AI-main\\data\\ren_memory.db'
[2026-08-22 00:34:01] [ERROR] [ren.errors]: Database error during initialization: no such column: user_id. Attempting recovery...
[2026-08-22 00:34:01] [ERROR] [ren.errors]: Failed restoring backup: [WinError 32] The process cannot access the file because it is being used by another process: 'D:\\Coding projects\\REN-AI-main (1)\\REN-AI-main\\data\\ren_memory.db'
[2026-08-22 00:34:01] [ERROR] [ren.errors]: Database error during initialization: no such column: user_id. Attempting recovery...
[2026-08-22 00:34:01] [ERROR] [ren.errors]: Failed restoring backup: [WinError 32] The process cannot access the file because it is being used by another process: 'D:\\Coding projects\\REN-AI-main (1)\\REN-AI-main\\data\\ren_memory.db'
[2026-08-22 00:34:01] [ERROR] [ren.errors]: Database error during initialization: no such column: user_id. Attempting recovery...
[2026-08-22 00:34:01] [ERROR] [ren.errors]: Failed restoring backup: [WinError 32] The process cannot access the file because it is being used by another process: 'D:\\Coding projects\\REN-AI-main (1)\\REN-AI-main\\data\\ren_memory.db'
[2026-08-22 00:34:01] [ERROR] [ren.errors]: Database error during initialization: no such column: user_id. Attempting recovery...
[2026-08-22 00:34:01] [ERROR] [ren.errors]: Failed restoring backup: [WinError 32] The process cannot access the file because it is being used by another process: 'D:\\Coding projects\\REN-AI-main (1)\\REN-AI-main\\data\\ren_memory.db'
[2026-08-22 00:34:01] [ERROR] [ren.errors]: Database error during initialization: no such column: user_id. Attempting recovery...
[2026-08-22 00:34:01] [ERROR] [ren.errors]: Failed restoring backup: [WinError 32] The process cannot access the file because it is being used by another process: 'D:\\Coding projects\\REN-AI-main (1)\\REN-AI-main\\data\\ren_memory.db'
[2026-08-22 00:34:01] [ERROR] [ren.errors]: Database error during initialization: no such column: user_id. Attempting recovery...
[2026-08-22 00:34:01] [ERROR] [ren.errors]: Failed restoring backup: [WinError 32] The process cannot access the file because it is being used by another process: 'D:\\Coding projects\\REN-AI-main (1)\\REN-AI-main\\data\\ren_memory.db'
[2026-08-22 00:34:01] [ERROR] [ren.errors]: Database error during initialization: no such column: user_id. Attempting recovery...
[2026-08-22 00:34:01] [ERROR] [ren.errors]: Failed restoring backup: [WinError 32] The process cannot access the file because it is being used by another process: 'D:\\Coding projects\\REN-AI-main (1)\\REN-AI-main\\data\\ren_memory.db'
[2026-08-22 00:34:01] [ERROR] [ren.errors]: Database error during initialization: no such column: user_id. Attempting recovery...
[2026-08-22 00:34:01] [ERROR] [ren.errors]: Failed restoring backup: [WinError 32] The process cannot access the file because it is being used by another process: 'D:\\Coding projects\\REN-AI-main (1)\\REN-AI-main\\data\\ren_memory.db'
[2026-08-22 00:34:01] [ERROR] [ren.errors]: Database error during initialization: no such column: user_id. Attempting recovery...
[2026-08-22 00:34:01] [ERROR] [ren.errors]: Failed restoring backup: [WinError 32] The process cannot access the file because it is being used by another process: 'D:\\Coding projects\\REN-AI-main (1)\\REN-AI-main\\data\\ren_memory.db'
[2026-08-22 00:34:01] [ERROR] [ren.errors]: Database error during initialization: no such column: user_id. Attempting recovery...
[2026-08-22 00:34:01] [ERROR] [ren.errors]: Failed restoring backup: [WinError 32] The process cannot access the file because it is being used by another process: 'D:\\Coding projects\\REN-AI-main (1)\\REN-AI-main\\data\\ren_memory.db'
[2026-08-22 00:34:01] [ERROR] [ren.errors]: Database error during initialization: no such column: user_id. Attempting recovery...
[2026-08-22 00:34:01] [ERROR] [ren.errors]: Failed restoring backup: [WinError 32] The process cannot access the file because it is being used by another process: 'D:\\Coding projects\\REN-AI-main (1)\\REN-AI-main\\data\\ren_memory.db'
[2026-08-22 00:34:01] [ERROR] [ren.errors]: Database error during initialization: no such column: user_id. Attempting recovery...
[2026-08-22 00:34:01] [ERROR] [ren.errors]: Failed restoring backup: [WinError 32] The process cannot access the file because it is being used by another process: 'D:\\Coding projects\\REN-AI-main (1)\\REN-AI-main\\data\\ren_memory.db'
[2026-08-22 00:34:01] [ERROR] [ren.errors]: Database error during initialization: no such column: user_id. Attempting recovery...
[2026-08-22 00:34:01] [ERROR] [ren.errors]: Failed restoring backup: [WinError 32] The process cannot access the file because it is being used by another process: 'D:\\Coding projects\\REN-AI-main (1)\\REN-AI-main\\data\\ren_memory.db'
[2026-08-22 00:34:01] [ERROR] [ren.errors]: Database error during initialization: no such column: user_id. Attempting recovery...
[2026-08-22 00:34:01] [ERROR] [ren.errors]: Failed restoring backup: [WinError 32] The process cannot access the file because it is being used by another process: 'D:\\Coding projects\\REN-AI-main (1)\\REN-AI-main\\data\\ren_memory.db'
[2026-08-22 00:34:01] [ERROR] [ren.errors]: Database error during initialization: no such column: user_id. Attempting recovery...
[2026-08-22 00:34:01] [ERROR] [ren.errors]: Failed restoring backup: [WinError 32] The process cannot access the file because it is being used by another process: 'D:\\Coding projects\\REN-AI-main (1)\\REN-AI-main\\data\\ren_memory.db'
[2026-08-22 00:34:02] [ERROR] [ren.errors]: Database error during initialization: no such column: user_id. Attempting recovery...
[2026-08-22 00:34:02] [ERROR] [ren.errors]: Failed restoring backup: [WinError 32] The process cannot access the file because it is being used by another process: 'D:\\Coding projects\\REN-AI-main (1)\\REN-AI-main\\data\\ren_memory.db'
[2026-08-22 00:34:02] [ERROR] [ren.errors]: Database error during initialization: no such column: user_id. Attempting recovery...
[2026-08-22 00:34:02] [ERROR] [ren.errors]: Failed restoring backup: [WinError 32] The process cannot access the file because it is being used by another process: 'D:\\Coding projects\\REN-AI-main (1)\\REN-AI-main\\data\\ren_memory.db'
[2026-08-22 00:34:02] [ERROR] [ren.errors]: Database error during initialization: no such column: user_id. Attempting recovery...
[2026-08-22 00:34:02] [ERROR] [ren.errors]: Failed restoring backup: [WinError 32] The process cannot access the file because it is being used by another process: 'D:\\Coding projects\\REN-AI-main (1)\\REN-AI-main\\data\\ren_memory.db'
[2026-08-22 00:34:02] [ERROR] [ren.errors]: Database error during initialization: no such column: user_id. Attempting recovery...
[2026-08-22 00:34:02] [ERROR] [ren.errors]: Failed restoring backup: [WinError 32] The process cannot access the file because it is being used by another process: 'D:\\Coding projects\\REN-AI-main (1)\\REN-AI-main\\data\\ren_memory.db'
[2026-08-22 00:34:02] [ERROR] [ren.errors]: Database error during initialization: no such column: user_id. Attempting recovery...
[2026-08-22 00:34:02] [ERROR] [ren.errors]: Failed restoring backup: [WinError 32] The process cannot access the file because it is being used by another process: 'D:\\Coding projects\\REN-AI-main (1)\\REN-AI-main\\data\\ren_memory.db'
[2026-08-22 00:34:02] [ERROR] [ren.errors]: Database error during initialization: no such column: user_id. Attempting recovery...
[2026-08-22 00:34:02] [ERROR] [ren.errors]: Failed restoring backup: [WinError 32] The process cannot access the file because it is being used by another process: 'D:\\Coding projects\\REN-AI-main (1)\\REN-AI-main\\data\\ren_memory.db'
[2026-08-22 00:34:02] [ERROR] [ren.errors]: Database error during initialization: no such column: user_id. Attempting recovery...
[2026-08-22 00:34:02] [ERROR] [ren.errors]: Failed restoring backup: [WinError 32] The process cannot access the file because it is being used by another process: 'D:\\Coding projects\\REN-AI-main (1)\\REN-AI-main\\data\\ren_memory.db'
[2026-08-22 00:34:02] [ERROR] [ren.errors]: Database error during initialization: no such column: user_id. Attempting recovery...
[2026-08-22 00:34:02] [ERROR] [ren.errors]: Failed restoring backup: [WinError 32] The process cannot access the file because it is being used by another process: 'D:\\Coding projects\\REN-AI-main (1)\\REN-AI-main\\data\\ren_memory.db'
[2026-08-22 00:34:02] [ERROR] [ren.errors]: Database error during initialization: no such column: user_id. Attempting recovery...
[2026-08-22 00:34:03] [ERROR] [ren.errors]: Failed restoring backup: [WinError 32] The process cannot access the file because it is being used by another process: 'D:\\Coding projects\\REN-AI-main (1)\\REN-AI-main\\data\\ren_memory.db'
[2026-08-22 00:34:03] [ERROR] [ren.errors]: Database error during initialization: no such column: user_id. Attempting recovery...
[2026-08-22 00:34:03] [ERROR] [ren.errors]: Failed restoring backup: [WinError 32] The process cannot access the file because it is being used by another process: 'D:\\Coding projects\\REN-AI-main (1)\\REN-AI-main\\data\\ren_memory.db'
[2026-08-22 00:34:03] [ERROR] [ren.errors]: Database error during initialization: no such column: user_id. Attempting recovery...
[2026-08-22 00:34:03] [ERROR] [ren.errors]: Failed restoring backup: [WinError 32] The process cannot access the file because it is being used by another process: 'D:\\Coding projects\\REN-AI-main (1)\\REN-AI-main\\data\\ren_memory.db'
[2026-08-22 00:34:03] [ERROR] [ren.errors]: Database error during initialization: no such column: user_id. Attempting recovery...
[2026-08-22 00:34:03] [ERROR] [ren.errors]: Failed restoring backup: [WinError 32] The process cannot access the file because it is being used by another process: 'D:\\Coding projects\\REN-AI-main (1)\\REN-AI-main\\data\\ren_memory.db'
[2026-08-22 00:34:03] [ERROR] [ren.errors]: Database error during initialization: no such column: user_id. Attempting recovery...
[2026-08-22 00:34:03] [ERROR] [ren.errors]: Failed restoring backup: [WinError 32] The process cannot access the file because it is being used by another process: 'D:\\Coding projects\\REN-AI-main (1)\\REN-AI-main\\data\\ren_memory.db'
[2026-08-22 00:34:03] [ERROR] [ren.errors]: Database error during initialization: no such column: user_id. Attempting recovery...
[2026-08-22 00:34:03] [ERROR] [ren.errors]: Failed restoring backup: [WinError 32] The process cannot access the file because it is being used by another process: 'D:\\Coding projects\\REN-AI-main (1)\\REN-AI-main\\data\\ren_memory.db'
[2026-08-22 00:34:03] [ERROR] [ren.errors]: Database error during initialization: no such column: user_id. Attempting recovery...
[2026-08-22 00:34:03] [ERROR] [ren.errors]: Failed restoring backup: [WinError 32] The process cannot access the file because it is being used by another process: 'D:\\Coding projects\\REN-AI-main (1)\\REN-AI-main\\data\\ren_memory.db'
[2026-08-22 00:34:03] [ERROR] [ren.errors]: Database error during initialization: no such column: user_id. Attempting recovery...
[2026-08-22 00:34:03] [ERROR] [ren.errors]: Failed restoring backup: [WinError 32] The process cannot access the file because it is being used by another process: 'D:\\Coding projects\\REN-AI-main (1)\\REN-AI-main\\data\\ren_memory.db'
[2026-08-22 00:34:03] [ERROR] [ren.errors]: Database error during initialization: no such column: user_id. Attempting recovery...
[2026-08-22 00:34:03] [ERROR] [ren.errors]: Failed restoring backup: [WinError 32] The process cannot access the file because it is being used by another process: 'D:\\Coding projects\\REN-AI-main (1)\\REN-AI-main\\data\\ren_memory.db'
[2026-08-22 00:34:03] [ERROR] [ren.errors]: Database error during initialization: no such column: user_id. Attempting recovery...
[2026-08-22 00:34:03] [ERROR] [ren.errors]: Failed restoring backup: [WinError 32] The process cannot access the file because it is being used by another process: 'D:\\Coding projects\\REN-AI-main (1)\\REN-AI-main\\data\\ren_memory.db'
[2026-08-22 00:34:03] [ERROR] [ren.errors]: Database error during initialization: no such column: user_id. Attempting recovery...
[2026-08-22 00:34:03] [ERROR] [ren.errors]: Failed restoring backup: [WinError 32] The process cannot access the file because it is being used by another process: 'D:\\Coding projects\\REN-AI-main (1)\\REN-AI-main\\data\\ren_memory.db'
[2026-08-22 00:34:03] [ERROR] [ren.errors]: Database error during initialization: no such column: user_id. Attempting recovery...
[2026-08-22 00:34:03] [ERROR] [ren.errors]: Failed restoring backup: [WinError 32] The process cannot access the file because it is being used by another process: 'D:\\Coding projects\\REN-AI-main (1)\\REN-AI-main\\data\\ren_memory.db'
[2026-08-22 00:34:03] [ERROR] [ren.errors]: Database error during initialization: no such column: user_id. Attempting recovery...
[2026-08-22 00:34:03] [ERROR] [ren.errors]: Failed restoring backup: [WinError 32] The process cannot access the file because it is being used by another process: 'D:\\Coding projects\\REN-AI-main (1)\\REN-AI-main\\data\\ren_memory.db'
[2026-08-22 00:34:03] [ERROR] [ren.errors]: Database error during initialization: no such column: user_id. Attempting recovery...
[2026-08-22 00:34:03] [ERROR] [ren.errors]: Failed restoring backup: [WinError 32] The process cannot access the file because it is being used by another process: 'D:\\Coding projects\\REN-AI-main (1)\\REN-AI-main\\data\\ren_memory.db'
[2026-08-22 00:34:03] [ERROR] [ren.errors]: Database error during initialization: no such column: user_id. Attempting recovery...
[2026-08-22 00:34:03] [ERROR] [ren.errors]: Failed restoring backup: [WinError 32] The process cannot access the file because it is being used by another process: 'D:\\Coding projects\\REN-AI-main (1)\\REN-AI-main\\data\\ren_memory.db'
[2026-08-22 00:34:03] [ERROR] [ren.errors]: Database error during initialization: no such column: user_id. Attempting recovery...
[2026-08-22 00:34:03] [ERROR] [ren.errors]: Failed restoring backup: [WinError 32] The process cannot access the file because it is being used by another process: 'D:\\Coding projects\\REN-AI-main (1)\\REN-AI-main\\data\\ren_memory.db'
[2026-08-22 00:34:03] [ERROR] [ren.errors]: Database error during initialization: no such column: user_id. Attempting recovery...
[2026-08-22 00:34:03] [ERROR] [ren.errors]: Failed restoring backup: [WinError 32] The process cannot access the file because it is being used by another process: 'D:\\Coding projects\\REN-AI-main (1)\\REN-AI-main\\data\\ren_memory.db'
[2026-08-22 00:34:03] [ERROR] [ren.errors]: Database error during initialization: no such column: user_id. Attempting recovery...
[2026-08-22 00:34:03] [ERROR] [ren.errors]: Failed restoring backup: [WinError 32] The process cannot access the file because it is being used by another process: 'D:\\Coding projects\\REN-AI-main (1)\\REN-AI-main\\data\\ren_memory.db'
[2026-08-22 00:34:03] [ERROR] [ren.errors]: Database error during initialization: no such column: user_id. Attempting recovery...
[2026-08-22 00:34:03] [ERROR] [ren.errors]: Failed restoring backup: [WinError 32] The process cannot access the file because it is being used by another process: 'D:\\Coding projects\\REN-AI-main (1)\\REN-AI-main\\data\\ren_memory.db'
[2026-08-22 00:34:03] [ERROR] [ren.errors]: Database error during initialization: no such column: user_id. Attempting recovery...
[2026-08-22 00:34:03] [ERROR] [ren.errors]: Failed restoring backup: [WinError 32] The process cannot access the file because it is being used by another process: 'D:\\Coding projects\\REN-AI-main (1)\\REN-AI-main\\data\\ren_memory.db'
[2026-08-22 00:34:03] [ERROR] [ren.errors]: Database error during initialization: no such column: user_id. Attempting recovery...
[2026-08-22 00:34:03] [ERROR] [ren.errors]: Failed restoring backup: [WinError 32] The process cannot access the file because it is being used by another process: 'D:\\Coding projects\\REN-AI-main (1)\\REN-AI-main\\data\\ren_memory.db'
[2026-08-22 00:34:03] [ERROR] [ren.errors]: Database error during initialization: no such column: user_id. Attempting recovery...
[2026-08-22 00:34:03] [ERROR] [ren.errors]: Failed restoring backup: [WinError 32] The process cannot access the file because it is being used by another process: 'D:\\Coding projects\\REN-AI-main (1)\\REN-AI-main\\data\\ren_memory.db'
[2026-08-22 00:34:03] [ERROR] [ren.errors]: Database error during initialization: no such column: user_id. Attempting recovery...
[2026-08-22 00:34:03] [ERROR] [ren.errors]: Failed restoring backup: [WinError 32] The process cannot access the file because it is being used by another process: 'D:\\Coding projects\\REN-AI-main (1)\\REN-AI-main\\data\\ren_memory.db'
[2026-08-22 00:34:03] [ERROR] [ren.errors]: Database error during initialization: no such column: user_id. Attempting recovery...
[2026-08-22 00:34:03] [ERROR] [ren.errors]: Failed restoring backup: [WinError 32] The process cannot access the file because it is being used by another process: 'D:\\Coding projects\\REN-AI-main (1)\\REN-AI-main\\data\\ren_memory.db'
[2026-08-22 00:34:03] [ERROR] [ren.errors]: Database error during initialization: no such column: user_id. Attempting recovery...
[2026-08-22 00:34:03] [ERROR] [ren.errors]: Failed restoring backup: [WinError 32] The process cannot access the file because it is being used by another process: 'D:\\Coding projects\\REN-AI-main (1)\\REN-AI-main\\data\\ren_memory.db'
[2026-08-22 00:34:03] [ERROR] [ren.errors]: Database error during initialization: no such column: user_id. Attempting recovery...
[2026-08-22 00:34:03] [ERROR] [ren.errors]: Failed restoring backup: [WinError 32] The process cannot access the file because it is being used by another process: 'D:\\Coding projects\\REN-AI-main (1)\\REN-AI-main\\data\\ren_memory.db'
[2026-08-22 00:34:03] [ERROR] [ren.errors]: Database error during initialization: no such column: user_id. Attempting recovery...
[2026-08-22 00:34:03] [ERROR] [ren.errors]: Failed restoring backup: [WinError 32] The process cannot access the file because it is being used by another process: 'D:\\Coding projects\\REN-AI-main (1)\\REN-AI-main\\data\\ren_memory.db'
[2026-08-22 00:34:03] [ERROR] [ren.errors]: Database error during initialization: no such column: user_id. Attempting recovery...
[2026-08-22 00:34:03] [ERROR] [ren.errors]: Failed restoring backup: [WinError 32] The process cannot access the file because it is being used by another process: 'D:\\Coding projects\\REN-AI-main (1)\\REN-AI-main\\data\\ren_memory.db'
[2026-08-22 00:34:03] [ERROR] [ren.errors]: Database error during initialization: no such column: user_id. Attempting recovery...
[2026-08-22 00:34:03] [ERROR] [ren.errors]: Failed restoring backup: [WinError 32] The process cannot access the file because it is being used by another process: 'D:\\Coding projects\\REN-AI-main (1)\\REN-AI-main\\data\\ren_memory.db'
[2026-08-22 00:34:03] [ERROR] [ren.errors]: Database error during initialization: no such column: user_id. Attempting recovery...
[2026-08-22 00:34:03] [ERROR] [ren.errors]: Failed restoring backup: [WinError 32] The process cannot access the file because it is being used by another process: 'D:\\Coding projects\\REN-AI-main (1)\\REN-AI-main\\data\\ren_memory.db'
[2026-08-22 00:34:03] [ERROR] [ren.errors]: Database error during initialization: no such column: user_id. Attempting recovery...
[2026-08-22 00:34:03] [ERROR] [ren.errors]: Failed restoring backup: [WinError 32] The process cannot access the file because it is being used by another process: 'D:\\Coding projects\\REN-AI-main (1)\\REN-AI-main\\data\\ren_memory.db'
[2026-08-22 00:34:03] [ERROR] [ren.errors]: Database error during initialization: no such column: user_id. Attempting recovery...
[2026-08-22 00:34:03] [ERROR] [ren.errors]: Failed restoring backup: [WinError 32] The process cannot access the file because it is being used by another process: 'D:\\Coding projects\\REN-AI-main (1)\\REN-AI-main\\data\\ren_memory.db'
[2026-08-22 00:34:03] [ERROR] [ren.errors]: Database error during initialization: no such column: user_id. Attempting recovery...
[2026-08-22 00:34:03] [ERROR] [ren.errors]: Failed restoring backup: [WinError 32] The process cannot access the file because it is being used by another process: 'D:\\Coding projects\\REN-AI-main (1)\\REN-AI-main\\data\\ren_memory.db'
[2026-08-22 00:34:03] [ERROR] [ren.errors]: Database error during initialization: no such column: user_id. Attempting recovery...
[2026-08-22 00:34:03] [ERROR] [ren.errors]: Failed restoring backup: [WinError 32] The process cannot access the file because it is being used by another process: 'D:\\Coding projects\\REN-AI-main (1)\\REN-AI-main\\data\\ren_memory.db'
[2026-08-22 00:34:03] [ERROR] [ren.errors]: Database error during initialization: no such column: user_id. Attempting recovery...
[2026-08-22 00:34:03] [ERROR] [ren.errors]: Failed restoring backup: [WinError 32] The process cannot access the file because it is being used by another process: 'D:\\Coding projects\\REN-AI-main (1)\\REN-AI-main\\data\\ren_memory.db'
[2026-08-22 00:34:03] [ERROR] [ren.errors]: Database error during initialization: no such column: user_id. Attempting recovery...
[2026-08-22 00:34:03] [ERROR] [ren.errors]: Failed restoring backup: [WinError 32] The process cannot access the file because it is being used by another process: 'D:\\Coding projects\\REN-AI-main (1)\\REN-AI-main\\data\\ren_memory.db'
[2026-08-22 00:34:03] [ERROR] [ren.errors]: Database error during initialization: no such column: user_id. Attempting recovery...
[2026-08-22 00:34:03] [ERROR] [ren.errors]: Failed restoring backup: [WinError 32] The process cannot access the file because it is being used by another process: 'D:\\Coding projects\\REN-AI-main (1)\\REN-AI-main\\data\\ren_memory.db'
[2026-08-22 00:34:03] [ERROR] [ren.errors]: Database error during initialization: no such column: user_id. Attempting recovery...
[2026-08-22 00:34:03] [ERROR] [ren.errors]: Failed restoring backup: [WinError 32] The process cannot access the file because it is being used by another process: 'D:\\Coding projects\\REN-AI-main (1)\\REN-AI-main\\data\\ren_memory.db'
[2026-08-22 00:34:03] [ERROR] [ren.errors]: Database error during initialization: no such column: user_id. Attempting recovery...
[2026-08-22 00:34:03] [ERROR] [ren.errors]: Failed restoring backup: [WinError 32] The process cannot access the file because it is being used by another process: 'D:\\Coding projects\\REN-AI-main (1)\\REN-AI-main\\data\\ren_memory.db'
[2026-08-22 00:34:03] [ERROR] [ren.errors]: Database error during initialization: no such column: user_id. Attempting recovery...
[2026-08-22 00:34:03] [ERROR] [ren.errors]: Failed restoring backup: [WinError 32] The process cannot access the file because it is being used by another process: 'D:\\Coding projects\\REN-AI-main (1)\\REN-AI-main\\data\\ren_memory.db'
[2026-08-22 00:34:51] [ERROR] [ren.errors]: Database error during initialization: no such column: user_id
[2026-08-22 00:34:51] [ERROR] [ren.errors]: Failed restoring backup: [WinError 32] The process cannot access the file because it is being used by another process: 'D:\\Coding projects\\REN-AI-main (1)\\REN-AI-main\\data\\ren_memory.db'
