[2026-08-15 06:11:14] [INFO] [ren.tools]: Executing tool 'system_status' with args {}...
[2026-08-15 06:11:15] [INFO] [ren.tools]: Tool 'system_status' completed successfully in 0.556s
[2026-08-15 06:11:18] [INFO] [ren.tools]: Sandbox executing command: '"D:\Coding projects\REN-AI-main (1)\REN-AI-main\.venv\Scripts\python.exe" "C:\Users\CYANCO~1\AppData\Local\Temp\tmp1e1qtwe6.py"' in D:\Coding projects\REN-AI-main (1)\REN-AI-main (timeout=15s)
[2026-08-15 06:11:18] [WARNING] [ren.tools]: Validation failed for tool 'read_file': Missing required parameter 'path' for tool 'read_file'
[2026-08-15 06:11:18] [INFO] [ren.tools]: Executing tool 'python_execute' with args {'code': "a = 15\nb = 25\nprint(f'Sum: {a + b}')\n"}...
[2026-08-15 06:11:18] [INFO] [ren.tools]: Sandbox executing command: '"D:\Coding projects\REN-AI-main (1)\REN-AI-main\.venv\Scripts\python.exe" "C:\Users\CYANCO~1\AppData\Local\Temp\tmpnh_l2l7n.py"' in D:\Coding projects\REN-AI-main (1)\REN-AI-main (timeout=30s)
[2026-08-15 06:11:18] [INFO] [ren.tools]: Tool 'python_execute' completed successfully in 0.072s
[2026-08-15 06:11:18] [INFO] [ren.tools]: Executing tool 'system_status' with args {}...
[2026-08-15 06:11:18] [INFO] [ren.tools]: Tool 'system_status' completed successfully in 0.513s
[2026-08-15 06:11:18] [INFO] [ren.tools]: Executing tool 'write_file' with args {'path': 'C:\\Users\\CYANCO~1\\AppData\\Local\\Temp\\tmpfbdragw8\\test.txt', 'content': 'Hello World REN'}...
[2026-08-15 06:11:18] [INFO] [ren.tools]: Tool 'write_file' completed successfully in 0.001s
[2026-08-15 06:11:18] [INFO] [ren.tools]: Executing tool 'read_file' with args {'path': 'C:\\Users\\CYANCO~1\\AppData\\Local\\Temp\\tmpfbdragw8\\test.txt'}...
[2026-08-15 06:11:18] [INFO] [ren.tools]: Tool 'read_file' completed successfully in 0.000s
[2026-08-15 06:11:29] [INFO] [ren.tools]: Executing tool 'system_status' with args {}...
[2026-08-15 06:11:29] [INFO] [ren.tools]: Tool 'system_status' completed successfully in 0.517s
[2026-08-15 06:11:32] [INFO] [ren.tools]: Sandbox executing command: '"D:\Coding projects\REN-AI-main (1)\REN-AI-main\.venv\Scripts\python.exe" "C:\Users\CYANCO~1\AppData\Local\Temp\tmp3b8nbpwa.py"' in D:\Coding projects\REN-AI-main (1)\REN-AI-main (timeout=15s)
[2026-08-15 06:11:32] [WARNING] [ren.tools]: Validation failed for tool 'read_file': Missing required parameter 'path' for tool 'read_file'
[2026-08-15 06:11:32] [INFO] [ren.tools]: Executing tool 'python_execute' with args {'code': "a = 15\nb = 25\nprint(f'Sum: {a + b}')\n"}...
[2026-08-15 06:11:32] [INFO] [ren.tools]: Sandbox executing command: '"D:\Coding projects\REN-AI-main (1)\REN-AI-main\.venv\Scripts\python.exe" "C:\Users\CYANCO~1\AppData\Local\Temp\tmpivhbnkmq.py"' in D:\Coding projects\REN-AI-main (1)\REN-AI-main (timeout=30s)
[2026-08-15 06:11:32] [INFO] [ren.tools]: Tool 'python_execute' completed successfully in 0.056s
[2026-08-15 06:11:32] [INFO] [ren.tools]: Executing tool 'system_status' with args {}...
[2026-08-15 06:11:32] [INFO] [ren.tools]: Tool 'system_status' completed successfully in 0.502s
[2026-08-15 06:11:32] [INFO] [ren.tools]: Executing tool 'write_file' with args {'path': 'C:\\Users\\CYANCO~1\\AppData\\Local\\Temp\\tmphrjnetpa\\test.txt', 'content': 'Hello World REN'}...
[2026-08-15 06:11:32] [INFO] [ren.tools]: Tool 'write_file' completed successfully in 0.001s
[2026-08-15 06:11:32] [INFO] [ren.tools]: Executing tool 'read_file' with args {'path': 'C:\\Users\\CYANCO~1\\AppData\\Local\\Temp\\tmphrjnetpa\\test.txt'}...
[2026-08-15 06:11:32] [INFO] [ren.tools]: Tool 'read_file' completed successfully in 0.000s
[2026-08-15 06:16:55] [INFO] [ren.tools]: Executing tool 'system_status' with args {}...
[2026-08-15 06:16:56] [INFO] [ren.tools]: Tool 'system_status' completed successfully in 0.511s
[2026-08-15 06:16:56] [INFO] [ren.tools]: Executing tool 'inspect_project' with args {'path': '.'}...
[2026-08-15 06:16:56] [INFO] [ren.tools]: Tool 'inspect_project' completed successfully in 0.070s
[2026-08-15 06:16:56] [INFO] [ren.tools]: Executing tool 'python_execute' with args {'code': "print('Sandbox OK')"}...
[2026-08-15 06:16:56] [INFO] [ren.tools]: Sandbox executing command: '"D:\Coding projects\REN-AI-main (1)\REN-AI-main\.venv\Scripts\python.exe" "C:\Users\CYANCO~1\AppData\Local\Temp\tmpkrxebr34.py"' in D:\Coding projects\REN-AI-main (1)\REN-AI-main (timeout=30s)
[2026-08-15 06:16:56] [INFO] [ren.tools]: Tool 'python_execute' completed successfully in 0.061s
[2026-08-15 06:17:13] [INFO] [ren.tools]: Executing tool 'system_status' with args {}...
[2026-08-15 06:17:13] [INFO] [ren.tools]: Tool 'system_status' completed successfully in 0.513s
[2026-08-15 06:17:13] [INFO] [ren.tools]: Executing tool 'inspect_project' with args {'path': '.'}...
[2026-08-15 06:17:13] [INFO] [ren.tools]: Tool 'inspect_project' completed successfully in 0.079s
[2026-08-15 06:17:13] [INFO] [ren.tools]: Executing tool 'python_execute' with args {'code': "print('Sandbox OK')"}...
[2026-08-15 06:17:13] [INFO] [ren.tools]: Sandbox executing command: '"D:\Coding projects\REN-AI-main (1)\REN-AI-main\.venv\Scripts\python.exe" "C:\Users\CYANCO~1\AppData\Local\Temp\tmpo44zaqui.py"' in D:\Coding projects\REN-AI-main (1)\REN-AI-main (timeout=30s)
[2026-08-15 06:17:13] [INFO] [ren.tools]: Tool 'python_execute' completed successfully in 0.046s
[2026-08-15 06:23:43] [INFO] [ren.tools]: Executing tool 'system_status' with args {}...
[2026-08-15 06:23:44] [INFO] [ren.tools]: Tool 'system_status' completed successfully in 0.535s
[2026-08-15 06:23:46] [INFO] [ren.tools]: Sandbox executing command: '"D:\Coding projects\REN-AI-main (1)\REN-AI-main\.venv\Scripts\python.exe" "C:\Users\CYANCO~1\AppData\Local\Temp\tmp5_2iwo0k.py"' in D:\Coding projects\REN-AI-main (1)\REN-AI-main (timeout=15s)
[2026-08-15 06:23:47] [WARNING] [ren.tools]: Validation failed for tool 'read_file': Missing required parameter 'path' for tool 'read_file'
[2026-08-15 06:23:47] [INFO] [ren.tools]: Executing tool 'python_execute' with args {'code': "a = 15\nb = 25\nprint(f'Sum: {a + b}')\n"}...
[2026-08-15 06:23:47] [INFO] [ren.tools]: Sandbox executing command: '"D:\Coding projects\REN-AI-main (1)\REN-AI-main\.venv\Scripts\python.exe" "C:\Users\CYANCO~1\AppData\Local\Temp\tmpsgp0vrkn.py"' in D:\Coding projects\REN-AI-main (1)\REN-AI-main (timeout=30s)
[2026-08-15 06:23:47] [INFO] [ren.tools]: Tool 'python_execute' completed successfully in 0.205s
[2026-08-15 06:23:47] [INFO] [ren.tools]: Executing tool 'system_status' with args {}...
[2026-08-15 06:23:47] [INFO] [ren.tools]: Tool 'system_status' completed successfully in 0.510s
[2026-08-15 06:23:47] [INFO] [ren.tools]: Executing tool 'write_file' with args {'path': 'C:\\Users\\CYANCO~1\\AppData\\Local\\Temp\\tmpksmoucg4\\test.txt', 'content': 'Hello World REN'}...
[2026-08-15 06:23:47] [INFO] [ren.tools]: Tool 'write_file' completed successfully in 0.001s
[2026-08-15 06:23:47] [INFO] [ren.tools]: Executing tool 'read_file' with args {'path': 'C:\\Users\\CYANCO~1\\AppData\\Local\\Temp\\tmpksmoucg4\\test.txt'}...
[2026-08-15 06:23:47] [INFO] [ren.tools]: Tool 'read_file' completed successfully in 0.006s
[2026-08-15 06:54:35] [INFO] [ren.tools]: Executing tool 'system_status' with args {}...
[2026-08-15 06:54:36] [INFO] [ren.tools]: Tool 'system_status' completed successfully in 0.596s
[2026-08-15 06:54:39] [INFO] [ren.tools]: Sandbox executing command: '"D:\Coding projects\REN-AI-main (1)\REN-AI-main\.venv\Scripts\python.exe" "C:\Users\CYANCO~1\AppData\Local\Temp\tmprpddul0r.py"' in D:\Coding projects\REN-AI-main (1)\REN-AI-main (timeout=15s)
[2026-08-15 06:54:39] [WARNING] [ren.tools]: Validation failed for tool 'read_file': Missing required parameter 'path' for tool 'read_file'
[2026-08-15 06:54:39] [INFO] [ren.tools]: Executing tool 'python_execute' with args {'code': "a = 15\nb = 25\nprint(f'Sum: {a + b}')\n"}...
[2026-08-15 06:54:39] [INFO] [ren.tools]: Sandbox executing command: '"D:\Coding projects\REN-AI-main (1)\REN-AI-main\.venv\Scripts\python.exe" "C:\Users\CYANCO~1\AppData\Local\Temp\tmp4uug2a8j.py"' in D:\Coding projects\REN-AI-main (1)\REN-AI-main (timeout=30s)
[2026-08-15 06:54:39] [INFO] [ren.tools]: Tool 'python_execute' completed successfully in 0.223s
[2026-08-15 06:54:39] [INFO] [ren.tools]: Executing tool 'system_status' with args {}...
[2026-08-15 06:54:40] [INFO] [ren.tools]: Tool 'system_status' completed successfully in 0.518s
[2026-08-15 06:54:40] [INFO] [ren.tools]: Executing tool 'write_file' with args {'path': 'C:\\Users\\CYANCO~1\\AppData\\Local\\Temp\\tmpt1gqyy1z\\test.txt', 'content': 'Hello World REN'}...
[2026-08-15 06:54:40] [INFO] [ren.tools]: Tool 'write_file' completed successfully in 0.001s
[2026-08-15 06:54:40] [INFO] [ren.tools]: Executing tool 'read_file' with args {'path': 'C:\\Users\\CYANCO~1\\AppData\\Local\\Temp\\tmpt1gqyy1z\\test.txt'}...
[2026-08-15 06:54:40] [INFO] [ren.tools]: Tool 'read_file' completed successfully in 0.001s
[2026-08-15 06:54:55] [INFO] [ren.tools]: Executing tool 'system_status' with args {}...
[2026-08-15 06:54:55] [INFO] [ren.tools]: Tool 'system_status' completed successfully in 0.571s
[2026-08-15 06:54:55] [INFO] [ren.tools]: Executing tool 'inspect_project' with args {'path': '.'}...
[2026-08-15 06:54:56] [INFO] [ren.tools]: Tool 'inspect_project' completed successfully in 0.455s
[2026-08-15 06:54:56] [INFO] [ren.tools]: Executing tool 'python_execute' with args {'code': "print('Sandbox OK')"}...
[2026-08-15 06:54:56] [INFO] [ren.tools]: Sandbox executing command: '"D:\Coding projects\REN-AI-main (1)\REN-AI-main\.venv\Scripts\python.exe" "C:\Users\CYANCO~1\AppData\Local\Temp\tmp8_cckwak.py"' in D:\Coding projects\REN-AI-main (1)\REN-AI-main (timeout=30s)
[2026-08-15 06:54:56] [INFO] [ren.tools]: Tool 'python_execute' completed successfully in 0.121s
[2026-08-15 07:08:02] [INFO] [ren.tools]: Executing tool 'git_commit' with args {'message': 'Updated downloads folder and added news headlines.', 'all_files': True}...
[2026-08-15 07:08:02] [INFO] [ren.tools]: Sandbox executing command: 'git add -A' in D:\Coding projects\REN-AI-main (1)\REN-AI-main (timeout=60s)
[2026-08-15 07:08:06] [INFO] [ren.tools]: Sandbox executing command: 'git commit -m "Updated downloads folder and added news headlines."' in D:\Coding projects\REN-AI-main (1)\REN-AI-main (timeout=60s)
[2026-08-15 07:08:07] [INFO] [ren.tools]: Tool 'git_commit' completed successfully in 5.355s
[2026-08-15 07:23:57] [INFO] [ren.tools]: Executing tool 'python_execute' with args {'code': 'import os, sys, shutil, requests, psutil, json\nfrom ren.core.router import get_downloads_dir\nfrom ren.memory.manager import memory_manager\n\nimport subprocess\n\n# Path to the downloaded book\nbook_path = "path/to/your/book.pdf"\n\n# Open the book using the default text editor\nsubprocess.run(["open", book_path])'}...
[2026-08-15 07:23:57] [INFO] [ren.tools]: Sandbox executing command: '"D:\Coding projects\REN-AI-main (1)\REN-AI-main\.venv\Scripts\python.exe" "C:\Users\CYANCO~1\AppData\Local\Temp\tmpmeliwbn7.py"' in D:\Coding projects\REN-AI-main (1)\REN-AI-main (timeout=30s)
[2026-08-15 07:23:59] [WARNING] [ren.tools]: Tool 'python_execute' failed in 1.688s: Traceback (most recent call last):
  File "C:\Users\CYANCO~1\AppData\Local\Temp\tmpmeliwbn7.py", line 2, in <module>
    from ren.core.router import get_downloads_dir
ModuleNotFoundError: No module named 'ren'
[2026-08-20 02:23:53] [INFO] [ren.tools]: Executing tool 'system_status' with args {}...
[2026-08-20 02:23:53] [INFO] [ren.tools]: Tool 'system_status' completed successfully in 0.522s
[2026-08-20 02:23:53] [INFO] [ren.tools]: Executing tool 'inspect_project' with args {'path': '.'}...
[2026-08-20 02:23:53] [INFO] [ren.tools]: Tool 'inspect_project' completed successfully in 0.121s
[2026-08-20 02:23:53] [INFO] [ren.tools]: Executing tool 'python_execute' with args {'code': "print('Sandbox OK')"}...
[2026-08-20 02:23:53] [INFO] [ren.tools]: Sandbox executing command: '"D:\Coding projects\REN-AI-main (1)\REN-AI-main\.venv\Scripts\python.exe" "C:\Users\CYANCO~1\AppData\Local\Temp\tmpi4v_qy85.py"' in D:\Coding projects\REN-AI-main (1)\REN-AI-main (timeout=30s)
[2026-08-20 02:23:53] [INFO] [ren.tools]: Tool 'python_execute' completed successfully in 0.046s
[2026-08-20 02:27:03] [INFO] [ren.tools]: Executing tool 'system_status' with args {}...
[2026-08-20 02:27:04] [INFO] [ren.tools]: Tool 'system_status' completed successfully in 0.515s
[2026-08-20 02:27:04] [INFO] [ren.tools]: Executing tool 'inspect_project' with args {'path': '.'}...
[2026-08-20 02:27:04] [INFO] [ren.tools]: Tool 'inspect_project' completed successfully in 0.451s
[2026-08-20 02:27:04] [INFO] [ren.tools]: Executing tool 'python_execute' with args {'code': "print('Sandbox OK')"}...
[2026-08-20 02:27:04] [INFO] [ren.tools]: Sandbox executing command: '"D:\Coding projects\REN-AI-main (1)\REN-AI-main\.venv\Scripts\python.exe" "C:\Users\CYANCO~1\AppData\Local\Temp\tmpvr52fy1y.py"' in D:\Coding projects\REN-AI-main (1)\REN-AI-main (timeout=30s)
[2026-08-20 02:27:04] [INFO] [ren.tools]: Tool 'python_execute' completed successfully in 0.043s
[2026-08-20 02:31:49] [INFO] [ren.tools]: Executing tool 'system_status' with args {}...
[2026-08-20 02:31:50] [INFO] [ren.tools]: Tool 'system_status' completed successfully in 0.516s
[2026-08-20 02:31:50] [INFO] [ren.tools]: Executing tool 'inspect_project' with args {'path': '.'}...
[2026-08-20 02:31:50] [INFO] [ren.tools]: Tool 'inspect_project' completed successfully in 0.240s
[2026-08-20 02:31:50] [INFO] [ren.tools]: Executing tool 'python_execute' with args {'code': "print('Sandbox OK')"}...
[2026-08-20 02:31:50] [INFO] [ren.tools]: Sandbox executing command: '"D:\Coding projects\REN-AI-main (1)\REN-AI-main\.venv\Scripts\python.exe" "C:\Users\CYANCO~1\AppData\Local\Temp\tmpahh9q1fq.py"' in D:\Coding projects\REN-AI-main (1)\REN-AI-main (timeout=30s)
[2026-08-20 02:31:50] [INFO] [ren.tools]: Tool 'python_execute' completed successfully in 0.054s
[2026-08-20 02:33:12] [INFO] [ren.tools]: Executing tool 'system_status' with args {}...
[2026-08-20 02:33:13] [INFO] [ren.tools]: Tool 'system_status' completed successfully in 0.513s
[2026-08-20 02:33:13] [INFO] [ren.tools]: Executing tool 'inspect_project' with args {'path': '.'}...
[2026-08-20 02:33:13] [INFO] [ren.tools]: Tool 'inspect_project' completed successfully in 0.136s
[2026-08-20 02:33:13] [INFO] [ren.tools]: Executing tool 'python_execute' with args {'code': "print('Sandbox OK')"}...
[2026-08-20 02:33:13] [INFO] [ren.tools]: Sandbox executing command: '"D:\Coding projects\REN-AI-main (1)\REN-AI-main\.venv\Scripts\python.exe" "C:\Users\CYANCO~1\AppData\Local\Temp\tmpdpbtnazr.py"' in D:\Coding projects\REN-AI-main (1)\REN-AI-main (timeout=30s)
[2026-08-20 02:33:13] [INFO] [ren.tools]: Tool 'python_execute' completed successfully in 0.046s
[2026-08-20 02:56:51] [INFO] [ren.tools]: Executing tool 'system_status' with args {}...
[2026-08-20 02:56:52] [INFO] [ren.tools]: Tool 'system_status' completed successfully in 0.556s
[2026-08-20 02:56:52] [INFO] [ren.tools]: Executing tool 'inspect_project' with args {'path': '.'}...
[2026-08-20 02:56:52] [INFO] [ren.tools]: Tool 'inspect_project' completed successfully in 0.209s
[2026-08-20 02:56:52] [INFO] [ren.tools]: Executing tool 'python_execute' with args {'code': "print('Sandbox OK')"}...
[2026-08-20 02:56:52] [INFO] [ren.tools]: Sandbox executing command: '"D:\Coding projects\REN-AI-main (1)\REN-AI-main\.venv\Scripts\python.exe" "C:\Users\CYANCO~1\AppData\Local\Temp\tmpppv2t5c9.py"' in D:\Coding projects\REN-AI-main (1)\REN-AI-main (timeout=30s)
[2026-08-20 02:56:52] [INFO] [ren.tools]: Tool 'python_execute' completed successfully in 0.060s
[2026-08-20 02:57:37] [INFO] [ren.tools]: Executing tool 'system_status' with args {}...
[2026-08-20 02:57:38] [INFO] [ren.tools]: Tool 'system_status' completed successfully in 0.520s
[2026-08-20 02:57:38] [INFO] [ren.tools]: Executing tool 'inspect_project' with args {'path': '.'}...
[2026-08-20 02:57:38] [INFO] [ren.tools]: Tool 'inspect_project' completed successfully in 0.076s
[2026-08-20 02:57:38] [INFO] [ren.tools]: Executing tool 'python_execute' with args {'code': "print('Sandbox OK')"}...
[2026-08-20 02:57:38] [INFO] [ren.tools]: Sandbox executing command: '"D:\Coding projects\REN-AI-main (1)\REN-AI-main\.venv\Scripts\python.exe" "C:\Users\CYANCO~1\AppData\Local\Temp\tmpg182bubq.py"' in D:\Coding projects\REN-AI-main (1)\REN-AI-main (timeout=30s)
[2026-08-20 02:57:38] [INFO] [ren.tools]: Tool 'python_execute' completed successfully in 0.057s
[2026-08-20 03:02:40] [INFO] [ren.tools]: Executing tool 'system_status' with args {}...
[2026-08-20 03:02:40] [INFO] [ren.tools]: Tool 'system_status' completed successfully in 0.510s
[2026-08-20 03:02:40] [INFO] [ren.tools]: Executing tool 'inspect_project' with args {'path': '.'}...
[2026-08-20 03:02:41] [INFO] [ren.tools]: Tool 'inspect_project' completed successfully in 0.116s
[2026-08-20 03:02:41] [INFO] [ren.tools]: Executing tool 'python_execute' with args {'code': "print('Sandbox OK')"}...
[2026-08-20 03:02:41] [INFO] [ren.tools]: Sandbox executing command: '"D:\Coding projects\REN-AI-main (1)\REN-AI-main\.venv\Scripts\python.exe" "C:\Users\CYANCO~1\AppData\Local\Temp\tmp6g35r83y.py"' in D:\Coding projects\REN-AI-main (1)\REN-AI-main (timeout=30s)
[2026-08-20 03:02:41] [INFO] [ren.tools]: Tool 'python_execute' completed successfully in 0.047s
[2026-08-20 03:12:26] [INFO] [ren.tools]: Executing tool 'system_status' with args {}...
[2026-08-20 03:12:27] [INFO] [ren.tools]: Tool 'system_status' completed successfully in 0.922s
[2026-08-22 00:37:25] [INFO] [ren.tools]: Executing live web search for: 'gold price today'
[2026-08-22 00:37:31] [INFO] [ren.tools]: Executing tool 'system_status' with args {}...
[2026-08-22 00:37:32] [INFO] [ren.tools]: Tool 'system_status' completed successfully in 0.521s
[2026-08-22 00:37:32] [INFO] [ren.tools]: Executing tool 'inspect_project' with args {'path': '.'}...
[2026-08-22 00:37:32] [INFO] [ren.tools]: Tool 'inspect_project' completed successfully in 0.083s
[2026-08-22 00:37:32] [INFO] [ren.tools]: Executing tool 'python_execute' with args {'code': "print('Sandbox OK')"}...
[2026-08-22 00:37:32] [INFO] [ren.tools]: Sandbox executing command: '"D:\Coding projects\REN-AI-main (1)\REN-AI-main\.venv\Scripts\python.exe" "C:\Users\CYANCO~1\AppData\Local\Temp\tmpghd4qwcw.py"' in D:\Coding projects\REN-AI-main (1)\REN-AI-main (timeout=30s)
[2026-08-22 00:37:32] [INFO] [ren.tools]: Tool 'python_execute' completed successfully in 0.052s
[2026-08-22 00:45:06] [INFO] [ren.tools]: Executing live web search for: 'gold price USD'
[2026-08-22 00:46:20] [INFO] [ren.tools]: Executing live web search for: 'gold price USD'
[2026-08-22 00:48:10] [INFO] [ren.tools]: Executing tool 'system_status' with args {}...
[2026-08-22 00:48:11] [INFO] [ren.tools]: Tool 'system_status' completed successfully in 0.783s
[2026-08-22 00:48:11] [INFO] [ren.tools]: Executing tool 'inspect_project' with args {'path': '.'}...
[2026-08-22 00:48:12] [INFO] [ren.tools]: Tool 'inspect_project' completed successfully in 0.343s
[2026-08-22 00:48:12] [INFO] [ren.tools]: Executing tool 'python_execute' with args {'code': "print('Sandbox OK')"}...
[2026-08-22 00:48:12] [INFO] [ren.tools]: Sandbox executing command: '"D:\Coding projects\REN-AI-main (1)\REN-AI-main\.venv\Scripts\python.exe" "C:\Users\CYANCO~1\AppData\Local\Temp\tmpbl168ox_.py"' in D:\Coding projects\REN-AI-main (1)\REN-AI-main (timeout=30s)
[2026-08-22 00:48:12] [INFO] [ren.tools]: Tool 'python_execute' completed successfully in 0.832s
[2026-08-22 00:55:11] [INFO] [ren.tools]: Executing tool 'web_search' with args {'query': 'gold price in india and us'}...
[2026-08-22 00:55:11] [INFO] [ren.tools]: Executing live web search for: 'gold price in india and us'
[2026-08-22 00:55:14] [INFO] [ren.tools]: Tool 'web_search' completed successfully in 3.514s
[2026-08-22 00:55:55] [INFO] [ren.tools]: Executing tool 'web_search' with args {'query': 'gold price in india and us'}...
[2026-08-22 00:55:55] [INFO] [ren.tools]: Executing live web search for: 'gold price in india and us'
[2026-08-22 00:55:56] [INFO] [ren.tools]: Tool 'web_search' completed successfully in 1.615s
[2026-08-22 01:13:14] [INFO] [ren.tools]: Sandbox executing command: '"D:\Coding projects\REN-AI-main (1)\REN-AI-main\.venv\Scripts\python.exe" "C:\Users\CYANCO~1\AppData\Local\Temp\tmpjdbu5zz_.py"' in D:\Coding projects\REN-AI-main (1)\REN-AI-main (timeout=15s)
[2026-08-22 01:27:30] [INFO] [ren.tools]: Generating image for prompt: 'a futuristic neon city' (768x768)
[2026-08-22 01:27:48] [INFO] [ren.tools]: Executing live web search for: 'gold price USD'
[2026-08-22 01:28:02] [INFO] [ren.tools]: Executing tool 'system_status' with args {}...
[2026-08-22 01:28:03] [INFO] [ren.tools]: Tool 'system_status' completed successfully in 0.923s
[2026-08-22 01:28:03] [INFO] [ren.tools]: Executing tool 'inspect_project' with args {'path': '.'}...
[2026-08-22 01:28:03] [INFO] [ren.tools]: Tool 'inspect_project' completed successfully in 0.606s
[2026-08-22 01:28:03] [INFO] [ren.tools]: Executing tool 'python_execute' with args {'code': "print('Sandbox OK')"}...
[2026-08-22 01:28:03] [INFO] [ren.tools]: Sandbox executing command: '"C:\Users\Cyan Code\AppData\Local\Programs\Python\Python310\python.exe" "C:\Users\CYANCO~1\AppData\Local\Temp\tmp6oo2ziq1.py"' in D:\Coding projects\REN-AI-main (1)\REN-AI-main (timeout=30s)
[2026-08-22 01:28:03] [INFO] [ren.tools]: Tool 'python_execute' completed successfully in 0.092s
[2026-08-22 01:34:07] [INFO] [ren.tools]: Executing live web search for: 'gold price USD'
[2026-08-22 01:34:31] [INFO] [ren.tools]: Executing tool 'system_status' with args {}...
[2026-08-22 01:34:32] [INFO] [ren.tools]: Tool 'system_status' completed successfully in 0.720s
[2026-08-22 01:34:32] [INFO] [ren.tools]: Executing tool 'inspect_project' with args {'path': '.'}...
[2026-08-22 01:34:32] [INFO] [ren.tools]: Tool 'inspect_project' completed successfully in 0.221s
[2026-08-22 01:34:32] [INFO] [ren.tools]: Executing tool 'python_execute' with args {'code': "print('Sandbox OK')"}...
[2026-08-22 01:34:32] [INFO] [ren.tools]: Sandbox executing command: '"C:\Users\Cyan Code\AppData\Local\Programs\Python\Python310\python.exe" "C:\Users\CYANCO~1\AppData\Local\Temp\tmpti1khz_o.py"' in D:\Coding projects\REN-AI-main (1)\REN-AI-main (timeout=30s)
[2026-08-22 01:34:33] [INFO] [ren.tools]: Tool 'python_execute' completed successfully in 0.183s
[2026-08-22 01:38:30] [INFO] [ren.tools]: Generating image for prompt: 'a boy' (768x768)
[2026-08-22 01:40:38] [INFO] [ren.tools]: Generating image for prompt: 'boy in antarctica near campfire' (768x768)
[2026-08-22 01:41:56] [INFO] [ren.tools]: Generating image for prompt: 'a beutiful 4k wallaper' (768x768)
[2026-08-22 01:49:35] [INFO] [ren.tools]: Executing tool 'generate_image' with args {'prompt': 'A serene landscape with mountains and a river flowing through it.'}...
[2026-08-22 01:49:35] [INFO] [ren.tools]: Generating image for prompt: 'A serene landscape with mountains and a river flowing through it.' (768x768)
[2026-08-22 01:49:38] [INFO] [ren.tools]: Tool 'generate_image' completed successfully in 2.397s
[2026-08-22 02:33:59] [INFO] [ren.tools]: Executing tool 'system_status' with args {}...
[2026-08-22 02:34:00] [INFO] [ren.tools]: Tool 'system_status' completed successfully in 0.616s
[2026-08-22 02:34:00] [INFO] [ren.tools]: Executing tool 'inspect_project' with args {'path': '.'}...
[2026-08-22 02:34:00] [INFO] [ren.tools]: Tool 'inspect_project' completed successfully in 0.137s
[2026-08-22 02:34:00] [INFO] [ren.tools]: Executing tool 'python_execute' with args {'code': "print('Sandbox OK')"}...
[2026-08-22 02:34:00] [INFO] [ren.tools]: Sandbox executing command: '"D:\Coding projects\REN-AI-main (1)\REN-AI-main\.venv\Scripts\python.exe" "C:\Users\CYANCO~1\AppData\Local\Temp\tmplwtlj3tf.py"' in D:\Coding projects\REN-AI-main (1)\REN-AI-main (timeout=30s)
[2026-08-22 02:34:00] [INFO] [ren.tools]: Tool 'python_execute' completed successfully in 0.321s
[2026-08-22 02:54:16] [INFO] [ren.tools]: Executing tool 'system_status' with args {}...
[2026-08-22 02:54:17] [INFO] [ren.tools]: Tool 'system_status' completed successfully in 0.593s
[2026-08-22 02:54:17] [INFO] [ren.tools]: Executing tool 'inspect_project' with args {'path': '.'}...
[2026-08-22 02:54:17] [INFO] [ren.tools]: Tool 'inspect_project' completed successfully in 0.091s
[2026-08-22 02:54:17] [INFO] [ren.tools]: Executing tool 'python_execute' with args {'code': "print('Sandbox OK')"}...
[2026-08-22 02:54:17] [INFO] [ren.tools]: Sandbox executing command: '"C:\Users\Cyan Code\AppData\Local\Programs\Python\Python310\python.exe" "C:\Users\CYANCO~1\AppData\Local\Temp\tmpth85ykih.py"' in D:\Coding projects\REN-AI-main (1)\REN-AI-main (timeout=30s)
[2026-08-22 02:54:17] [INFO] [ren.tools]: Tool 'python_execute' completed successfully in 0.050s
[2026-08-22 03:16:55] [INFO] [ren.tools]: Executing tool 'system_status' with args {}...
[2026-08-22 03:16:56] [INFO] [ren.tools]: Tool 'system_status' completed successfully in 0.569s
[2026-08-22 03:16:56] [INFO] [ren.tools]: Executing tool 'inspect_project' with args {'path': '.'}...
[2026-08-22 03:16:56] [INFO] [ren.tools]: Tool 'inspect_project' completed successfully in 0.175s
[2026-08-22 03:16:56] [INFO] [ren.tools]: Executing tool 'python_execute' with args {'code': "print('Sandbox OK')"}...
[2026-08-22 03:16:56] [INFO] [ren.tools]: Sandbox executing command: '"C:\Users\Cyan Code\AppData\Local\Programs\Python\Python310\python.exe" "C:\Users\CYANCO~1\AppData\Local\Temp\tmp0ty95w9b.py"' in D:\Coding projects\REN-AI-main (1)\REN-AI-main (timeout=30s)
[2026-08-22 03:16:56] [INFO] [ren.tools]: Tool 'python_execute' completed successfully in 0.039s
[2026-08-22 03:21:34] [INFO] [ren.tools]: Executing tool 'system_status' with args {}...
[2026-08-22 03:21:35] [INFO] [ren.tools]: Tool 'system_status' completed successfully in 0.634s
[2026-08-22 03:21:35] [INFO] [ren.tools]: Executing tool 'inspect_project' with args {'path': '.'}...
[2026-08-22 03:21:35] [INFO] [ren.tools]: Tool 'inspect_project' completed successfully in 0.147s
[2026-08-22 03:21:35] [INFO] [ren.tools]: Executing tool 'python_execute' with args {'code': "print('Sandbox OK')"}...
[2026-08-22 03:21:35] [INFO] [ren.tools]: Sandbox executing command: '"C:\Users\Cyan Code\AppData\Local\Programs\Python\Python310\python.exe" "C:\Users\CYANCO~1\AppData\Local\Temp\tmpz597ntiw.py"' in D:\Coding projects\REN-AI-main (1)\REN-AI-main (timeout=30s)
[2026-08-22 03:21:35] [INFO] [ren.tools]: Tool 'python_execute' completed successfully in 0.041s
[2026-08-22 03:39:11] [INFO] [ren.tools]: Executing tool 'system_status' with args {}...
[2026-08-22 03:39:14] [INFO] [ren.tools]: Tool 'system_status' completed successfully in 3.290s
[2026-08-22 03:39:14] [INFO] [ren.tools]: Executing tool 'inspect_project' with args {'path': '.'}...
[2026-08-22 03:39:14] [INFO] [ren.tools]: Tool 'inspect_project' completed successfully in 0.077s
[2026-08-22 03:39:14] [INFO] [ren.tools]: Executing tool 'python_execute' with args {'code': "print('Sandbox OK')"}...
[2026-08-22 03:39:14] [INFO] [ren.tools]: Sandbox executing command: '"D:\Coding projects\REN-AI-main (1)\REN-AI-main\.venv\Scripts\python.exe" "C:\Users\CYANCO~1\AppData\Local\Temp\tmpdyubdo10.py"' in D:\Coding projects\REN-AI-main (1)\REN-AI-main (timeout=30s)
[2026-08-22 03:39:16] [INFO] [ren.tools]: Tool 'python_execute' completed successfully in 1.823s
[2026-08-22 03:41:43] [INFO] [ren.tools]: Executing tool 'system_status' with args {}...
[2026-08-22 03:41:44] [INFO] [ren.tools]: Tool 'system_status' completed successfully in 0.583s
[2026-08-22 03:41:44] [INFO] [ren.tools]: Executing tool 'inspect_project' with args {'path': '.'}...
[2026-08-22 03:41:44] [INFO] [ren.tools]: Tool 'inspect_project' completed successfully in 0.368s
[2026-08-22 03:41:44] [INFO] [ren.tools]: Executing tool 'python_execute' with args {'code': "print('Sandbox OK')"}...
[2026-08-22 03:41:44] [INFO] [ren.tools]: Sandbox executing command: '"D:\Coding projects\REN-AI-main (1)\REN-AI-main\.venv\Scripts\python.exe" "C:\Users\CYANCO~1\AppData\Local\Temp\tmp3d2vcsus.py"' in D:\Coding projects\REN-AI-main (1)\REN-AI-main (timeout=30s)
[2026-08-22 03:41:44] [INFO] [ren.tools]: Tool 'python_execute' completed successfully in 0.046s
[2026-08-22 03:45:18] [INFO] [ren.tools]: Executing tool 'system_status' with args {}...
[2026-08-22 03:45:18] [INFO] [ren.tools]: Tool 'system_status' completed successfully in 0.527s
[2026-08-22 03:45:18] [INFO] [ren.tools]: Executing tool 'inspect_project' with args {'path': '.'}...
[2026-08-22 03:45:18] [INFO] [ren.tools]: Tool 'inspect_project' completed successfully in 0.267s
[2026-08-22 03:45:18] [INFO] [ren.tools]: Executing tool 'python_execute' with args {'code': "print('Sandbox OK')"}...
[2026-08-22 03:45:18] [INFO] [ren.tools]: Sandbox executing command: '"D:\Coding projects\REN-AI-main (1)\REN-AI-main\.venv\Scripts\python.exe" "C:\Users\CYANCO~1\AppData\Local\Temp\tmp43tioy3m.py"' in D:\Coding projects\REN-AI-main (1)\REN-AI-main (timeout=30s)
[2026-08-22 03:45:18] [INFO] [ren.tools]: Tool 'python_execute' completed successfully in 0.067s
[2026-08-22 04:02:11] [INFO] [ren.tools]: Executing tool 'system_status' with args {}...
[2026-08-22 04:02:12] [INFO] [ren.tools]: Tool 'system_status' completed successfully in 0.876s
[2026-08-22 04:02:12] [INFO] [ren.tools]: Executing tool 'inspect_project' with args {'path': '.'}...
[2026-08-22 04:02:12] [INFO] [ren.tools]: Tool 'inspect_project' completed successfully in 0.099s
[2026-08-22 04:02:12] [INFO] [ren.tools]: Executing tool 'python_execute' with args {'code': "print('Sandbox OK')"}...
[2026-08-22 04:02:12] [INFO] [ren.tools]: Sandbox executing command: '"D:\Coding projects\REN-AI-main (1)\REN-AI-main\.venv\Scripts\python.exe" "C:\Users\CYANCO~1\AppData\Local\Temp\tmpb4csp86x.py"' in D:\Coding projects\REN-AI-main (1)\REN-AI-main (timeout=30s)
[2026-08-22 04:02:12] [INFO] [ren.tools]: Tool 'python_execute' completed successfully in 0.054s
[2026-08-22 04:10:19] [INFO] [ren.tools]: Executing tool 'system_status' with args {}...
[2026-08-22 04:10:20] [INFO] [ren.tools]: Tool 'system_status' completed successfully in 0.514s
[2026-08-22 04:10:20] [INFO] [ren.tools]: Executing tool 'inspect_project' with args {'path': '.'}...
[2026-08-22 04:10:20] [INFO] [ren.tools]: Tool 'inspect_project' completed successfully in 0.389s
[2026-08-22 04:10:20] [INFO] [ren.tools]: Executing tool 'python_execute' with args {'code': "print('Sandbox OK')"}...
[2026-08-22 04:10:20] [INFO] [ren.tools]: Sandbox executing command: '"D:\Coding projects\REN-AI-main (1)\REN-AI-main\.venv\Scripts\python.exe" "C:\Users\CYANCO~1\AppData\Local\Temp\tmpwqm2lrg8.py"' in D:\Coding projects\REN-AI-main (1)\REN-AI-main (timeout=30s)
[2026-08-22 04:10:20] [INFO] [ren.tools]: Tool 'python_execute' completed successfully in 0.046s
[2026-08-22 04:17:06] [INFO] [ren.tools]: Executing tool 'system_status' with args {}...
[2026-08-22 04:17:06] [INFO] [ren.tools]: Tool 'system_status' completed successfully in 0.521s
[2026-08-22 04:17:06] [INFO] [ren.tools]: Executing tool 'inspect_project' with args {'path': '.'}...
[2026-08-22 04:17:06] [INFO] [ren.tools]: Tool 'inspect_project' completed successfully in 0.396s
[2026-08-22 04:17:06] [INFO] [ren.tools]: Executing tool 'python_execute' with args {'code': "print('Sandbox OK')"}...
[2026-08-22 04:17:06] [INFO] [ren.tools]: Sandbox executing command: '"D:\Coding projects\REN-AI-main (1)\REN-AI-main\.venv\Scripts\python.exe" "C:\Users\CYANCO~1\AppData\Local\Temp\tmpqzs4v25s.py"' in D:\Coding projects\REN-AI-main (1)\REN-AI-main (timeout=30s)
[2026-08-22 04:17:06] [INFO] [ren.tools]: Tool 'python_execute' completed successfully in 0.048s
[2026-08-22 04:55:46] [INFO] [ren.tools]: Executing tool 'system_status' with args {}...
[2026-08-22 04:55:47] [INFO] [ren.tools]: Tool 'system_status' completed successfully in 0.575s
[2026-08-22 04:55:47] [INFO] [ren.tools]: Executing tool 'inspect_project' with args {'path': '.'}...
[2026-08-22 04:55:47] [INFO] [ren.tools]: Tool 'inspect_project' completed successfully in 0.409s
[2026-08-22 04:55:47] [INFO] [ren.tools]: Executing tool 'python_execute' with args {'code': "print('Sandbox OK')"}...
[2026-08-22 04:55:47] [INFO] [ren.tools]: Sandbox executing command: '"D:\Coding projects\REN-AI-main (1)\REN-AI-main\.venv\Scripts\python.exe" "C:\Users\CYANCO~1\AppData\Local\Temp\tmpr38sehem.py"' in D:\Coding projects\REN-AI-main (1)\REN-AI-main (timeout=30s)
[2026-08-22 04:55:47] [INFO] [ren.tools]: Tool 'python_execute' completed successfully in 0.044s
[2026-08-22 05:01:36] [INFO] [ren.tools]: Executing tool 'system_status' with args {}...
[2026-08-22 05:01:36] [INFO] [ren.tools]: Tool 'system_status' completed successfully in 0.521s
[2026-08-22 05:01:36] [INFO] [ren.tools]: Executing tool 'inspect_project' with args {'path': '.'}...
[2026-08-22 05:01:37] [INFO] [ren.tools]: Tool 'inspect_project' completed successfully in 0.462s
[2026-08-22 05:01:37] [INFO] [ren.tools]: Executing tool 'python_execute' with args {'code': "print('Sandbox OK')"}...
[2026-08-22 05:01:37] [INFO] [ren.tools]: Sandbox executing command: '"D:\Coding projects\REN-AI-main (1)\REN-AI-main\.venv\Scripts\python.exe" "C:\Users\CYANCO~1\AppData\Local\Temp\tmp3usea1fg.py"' in D:\Coding projects\REN-AI-main (1)\REN-AI-main (timeout=30s)
[2026-08-22 05:01:37] [INFO] [ren.tools]: Tool 'python_execute' completed successfully in 0.062s
[2026-08-22 05:35:58] [INFO] [ren.tools]: Executing tool 'system_status' with args {}...
[2026-08-22 05:35:58] [INFO] [ren.tools]: Tool 'system_status' completed successfully in 0.519s
[2026-08-22 05:35:58] [INFO] [ren.tools]: Executing tool 'inspect_project' with args {'path': '.'}...
[2026-08-22 05:35:58] [INFO] [ren.tools]: Tool 'inspect_project' completed successfully in 0.394s
[2026-08-22 05:35:58] [INFO] [ren.tools]: Executing tool 'python_execute' with args {'code': "print('Sandbox OK')"}...
[2026-08-22 05:35:58] [INFO] [ren.tools]: Sandbox executing command: '"D:\Coding projects\REN-AI-main (1)\REN-AI-main\.venv\Scripts\python.exe" "C:\Users\CYANCO~1\AppData\Local\Temp\tmpldh8adjf.py"' in D:\Coding projects\REN-AI-main (1)\REN-AI-main (timeout=30s)
[2026-08-22 05:35:59] [INFO] [ren.tools]: Tool 'python_execute' completed successfully in 0.045s
[2026-08-22 05:43:43] [INFO] [ren.tools]: Executing tool 'system_status' with args {}...
[2026-08-22 05:43:44] [INFO] [ren.tools]: Tool 'system_status' completed successfully in 0.574s
[2026-08-22 05:43:44] [INFO] [ren.tools]: Executing tool 'inspect_project' with args {'path': '.'}...
[2026-08-22 05:43:44] [INFO] [ren.tools]: Tool 'inspect_project' completed successfully in 0.077s
[2026-08-22 05:43:44] [INFO] [ren.tools]: Executing tool 'python_execute' with args {'code': "print('Sandbox OK')"}...
[2026-08-22 05:43:44] [INFO] [ren.tools]: Sandbox executing command: '"D:\Coding projects\REN-AI-main (1)\REN-AI-main\.venv\Scripts\python.exe" "C:\Users\CYANCO~1\AppData\Local\Temp\tmpj5cq5grd.py"' in D:\Coding projects\REN-AI-main (1)\REN-AI-main (timeout=30s)
[2026-08-22 05:43:44] [INFO] [ren.tools]: Tool 'python_execute' completed successfully in 0.142s
[2026-08-22 05:46:10] [INFO] [ren.tools]: Executing tool 'system_status' with args {}...
[2026-08-22 05:46:11] [INFO] [ren.tools]: Tool 'system_status' completed successfully in 0.525s
[2026-08-22 05:46:11] [INFO] [ren.tools]: Executing tool 'inspect_project' with args {'path': '.'}...
[2026-08-22 05:46:11] [INFO] [ren.tools]: Tool 'inspect_project' completed successfully in 0.077s
[2026-08-22 05:46:11] [INFO] [ren.tools]: Executing tool 'python_execute' with args {'code': "print('Sandbox OK')"}...
[2026-08-22 05:46:11] [INFO] [ren.tools]: Sandbox executing command: '"D:\Coding projects\REN-AI-main (1)\REN-AI-main\.venv\Scripts\python.exe" "C:\Users\CYANCO~1\AppData\Local\Temp\tmp4ewl8300.py"' in D:\Coding projects\REN-AI-main (1)\REN-AI-main (timeout=30s)
[2026-08-22 05:46:11] [INFO] [ren.tools]: Tool 'python_execute' completed successfully in 0.045s
[2026-08-22 20:29:19] [INFO] [ren.tools]: Executing tool 'system_status' with args {}...
[2026-08-22 20:29:20] [INFO] [ren.tools]: Tool 'system_status' completed successfully in 0.536s
[2026-08-22 20:29:25] [INFO] [ren.tools]: Sandbox executing command: '"D:\Coding projects\REN-AI-main (1)\REN-AI-main\.venv\Scripts\python.exe" "C:\Users\CYANCO~1\AppData\Local\Temp\tmpxva5khdy.py"' in D:\Coding projects\REN-AI-main (1)\REN-AI-main (timeout=15s)
[2026-08-22 20:29:25] [WARNING] [ren.tools]: Validation failed for tool 'read_file': Missing required parameter 'path' for tool 'read_file'
[2026-08-22 20:29:25] [INFO] [ren.tools]: Executing tool 'python_execute' with args {'code': "a = 15\nb = 25\nprint(f'Sum: {a + b}')\n"}...
[2026-08-22 20:29:25] [INFO] [ren.tools]: Sandbox executing command: '"D:\Coding projects\REN-AI-main (1)\REN-AI-main\.venv\Scripts\python.exe" "C:\Users\CYANCO~1\AppData\Local\Temp\tmpdq1i4dmk.py"' in D:\Coding projects\REN-AI-main (1)\REN-AI-main (timeout=30s)
[2026-08-22 20:29:25] [INFO] [ren.tools]: Tool 'python_execute' completed successfully in 0.142s
[2026-08-22 20:29:25] [INFO] [ren.tools]: Executing tool 'system_status' with args {}...
[2026-08-22 20:29:26] [INFO] [ren.tools]: Tool 'system_status' completed successfully in 0.511s
[2026-08-22 20:29:26] [INFO] [ren.tools]: Executing tool 'write_file' with args {'path': 'C:\\Users\\CYANCO~1\\AppData\\Local\\Temp\\tmpxrzhn2u7\\test.txt', 'content': 'Hello World REN'}...
[2026-08-22 20:29:26] [INFO] [ren.tools]: Tool 'write_file' completed successfully in 0.001s
[2026-08-22 20:29:26] [INFO] [ren.tools]: Executing tool 'read_file' with args {'path': 'C:\\Users\\CYANCO~1\\AppData\\Local\\Temp\\tmpxrzhn2u7\\test.txt'}...
[2026-08-22 20:29:26] [INFO] [ren.tools]: Tool 'read_file' completed successfully in 0.001s
[2026-08-22 20:29:31] [INFO] [ren.tools]: Executing tool 'system_status' with args {}...
[2026-08-22 20:29:32] [INFO] [ren.tools]: Tool 'system_status' completed successfully in 0.521s
[2026-08-22 20:29:32] [INFO] [ren.tools]: Executing tool 'inspect_project' with args {'path': '.'}...
[2026-08-22 20:29:32] [INFO] [ren.tools]: Tool 'inspect_project' completed successfully in 0.086s
[2026-08-22 20:29:32] [INFO] [ren.tools]: Executing tool 'python_execute' with args {'code': "print('Sandbox OK')"}...
[2026-08-22 20:29:32] [INFO] [ren.tools]: Sandbox executing command: '"D:\Coding projects\REN-AI-main (1)\REN-AI-main\.venv\Scripts\python.exe" "C:\Users\CYANCO~1\AppData\Local\Temp\tmpmknepsev.py"' in D:\Coding projects\REN-AI-main (1)\REN-AI-main (timeout=30s)
[2026-08-22 20:29:32] [INFO] [ren.tools]: Tool 'python_execute' completed successfully in 0.047s
[2026-08-22 21:08:03] [INFO] [ren.tools]: Executing tool 'system_status' with args {}...
[2026-08-22 21:08:03] [INFO] [ren.tools]: Tool 'system_status' completed successfully in 0.546s
[2026-08-22 21:08:07] [INFO] [ren.tools]: Sandbox executing command: '"D:\Coding projects\REN-AI-main (1)\REN-AI-main\.venv\Scripts\python.exe" "C:\Users\CYANCO~1\AppData\Local\Temp\tmpitqx8z44.py"' in D:\Coding projects\REN-AI-main (1)\REN-AI-main (timeout=15s)
[2026-08-22 21:08:07] [WARNING] [ren.tools]: Validation failed for tool 'read_file': Missing required parameter 'path' for tool 'read_file'
[2026-08-22 21:08:07] [INFO] [ren.tools]: Executing tool 'python_execute' with args {'code': "a = 15\nb = 25\nprint(f'Sum: {a + b}')\n"}...
[2026-08-22 21:08:07] [INFO] [ren.tools]: Sandbox executing command: '"D:\Coding projects\REN-AI-main (1)\REN-AI-main\.venv\Scripts\python.exe" "C:\Users\CYANCO~1\AppData\Local\Temp\tmprb1nw6c3.py"' in D:\Coding projects\REN-AI-main (1)\REN-AI-main (timeout=30s)
[2026-08-22 21:08:07] [INFO] [ren.tools]: Tool 'python_execute' completed successfully in 0.134s
[2026-08-22 21:08:07] [INFO] [ren.tools]: Executing tool 'system_status' with args {}...
[2026-08-22 21:08:08] [INFO] [ren.tools]: Tool 'system_status' completed successfully in 0.505s
[2026-08-22 21:08:08] [INFO] [ren.tools]: Executing tool 'write_file' with args {'path': 'C:\\Users\\CYANCO~1\\AppData\\Local\\Temp\\tmpls81rnad\\test.txt', 'content': 'Hello World REN'}...
[2026-08-22 21:08:08] [INFO] [ren.tools]: Tool 'write_file' completed successfully in 0.002s
[2026-08-22 21:08:08] [INFO] [ren.tools]: Executing tool 'read_file' with args {'path': 'C:\\Users\\CYANCO~1\\AppData\\Local\\Temp\\tmpls81rnad\\test.txt'}...
[2026-08-22 21:08:08] [INFO] [ren.tools]: Tool 'read_file' completed successfully in 0.002s
[2026-08-24 02:37:37] [INFO] [ren.tools]: Executing tool 'system_status' with args {}...
[2026-08-24 02:37:37] [INFO] [ren.tools]: Tool 'system_status' completed successfully in 0.532s
[2026-08-24 02:37:43] [INFO] [ren.tools]: Sandbox executing command: '"D:\Coding projects\REN-AI-main (1)\REN-AI-main\.venv\Scripts\python.exe" "C:\Users\CYANCO~1\AppData\Local\Temp\tmp82nifwwd.py"' in D:\Coding projects\REN-AI-main (1)\REN-AI-main (timeout=15s)
[2026-08-24 02:37:43] [WARNING] [ren.tools]: Validation failed for tool 'read_file': Missing required parameter 'path' for tool 'read_file'
[2026-08-24 02:37:43] [INFO] [ren.tools]: Executing tool 'python_execute' with args {'code': "a = 15\nb = 25\nprint(f'Sum: {a + b}')\n"}...
[2026-08-24 02:37:43] [INFO] [ren.tools]: Sandbox executing command: '"D:\Coding projects\REN-AI-main (1)\REN-AI-main\.venv\Scripts\python.exe" "C:\Users\CYANCO~1\AppData\Local\Temp\tmp8sgqlf9e.py"' in D:\Coding projects\REN-AI-main (1)\REN-AI-main (timeout=30s)
[2026-08-24 02:37:43] [INFO] [ren.tools]: Tool 'python_execute' completed successfully in 0.125s
[2026-08-24 02:37:43] [INFO] [ren.tools]: Executing tool 'system_status' with args {}...
[2026-08-24 02:37:44] [INFO] [ren.tools]: Tool 'system_status' completed successfully in 0.506s
[2026-08-24 02:37:44] [INFO] [ren.tools]: Executing tool 'write_file' with args {'path': 'C:\\Users\\CYANCO~1\\AppData\\Local\\Temp\\tmp2zis0w2v\\test.txt', 'content': 'Hello World REN'}...
[2026-08-24 02:37:44] [INFO] [ren.tools]: Tool 'write_file' completed successfully in 0.002s
[2026-08-24 02:37:44] [INFO] [ren.tools]: Executing tool 'read_file' with args {'path': 'C:\\Users\\CYANCO~1\\AppData\\Local\\Temp\\tmp2zis0w2v\\test.txt'}...
[2026-08-24 02:37:44] [INFO] [ren.tools]: Tool 'read_file' completed successfully in 0.001s
[2026-08-24 02:38:16] [INFO] [ren.tools]: Executing tool 'system_status' with args {}...
[2026-08-24 02:38:17] [INFO] [ren.tools]: Tool 'system_status' completed successfully in 0.517s
[2026-08-24 02:38:21] [INFO] [ren.tools]: Sandbox executing command: '"D:\Coding projects\REN-AI-main (1)\REN-AI-main\.venv\Scripts\python.exe" "C:\Users\CYANCO~1\AppData\Local\Temp\tmp6lf555bu.py"' in D:\Coding projects\REN-AI-main (1)\REN-AI-main (timeout=15s)
[2026-08-24 02:38:22] [WARNING] [ren.tools]: Validation failed for tool 'read_file': Missing required parameter 'path' for tool 'read_file'
[2026-08-24 02:38:22] [INFO] [ren.tools]: Executing tool 'python_execute' with args {'code': "a = 15\nb = 25\nprint(f'Sum: {a + b}')\n"}...
[2026-08-24 02:38:22] [INFO] [ren.tools]: Sandbox executing command: '"D:\Coding projects\REN-AI-main (1)\REN-AI-main\.venv\Scripts\python.exe" "C:\Users\CYANCO~1\AppData\Local\Temp\tmphha00lj2.py"' in D:\Coding projects\REN-AI-main (1)\REN-AI-main (timeout=30s)
[2026-08-24 02:38:22] [INFO] [ren.tools]: Tool 'python_execute' completed successfully in 0.127s
[2026-08-24 02:38:22] [INFO] [ren.tools]: Executing tool 'system_status' with args {}...
[2026-08-24 02:38:22] [INFO] [ren.tools]: Tool 'system_status' completed successfully in 0.582s
[2026-08-24 02:38:22] [INFO] [ren.tools]: Executing tool 'write_file' with args {'path': 'C:\\Users\\CYANCO~1\\AppData\\Local\\Temp\\tmpsbj1x03f\\test.txt', 'content': 'Hello World REN'}...
[2026-08-24 02:38:22] [INFO] [ren.tools]: Tool 'write_file' completed successfully in 0.001s
[2026-08-24 02:38:22] [INFO] [ren.tools]: Executing tool 'read_file' with args {'path': 'C:\\Users\\CYANCO~1\\AppData\\Local\\Temp\\tmpsbj1x03f\\test.txt'}...
[2026-08-24 02:38:22] [INFO] [ren.tools]: Tool 'read_file' completed successfully in 0.001s
[2026-08-24 02:38:32] [INFO] [ren.tools]: Executing tool 'system_status' with args {}...
[2026-08-24 02:38:32] [INFO] [ren.tools]: Tool 'system_status' completed successfully in 0.541s
[2026-08-24 02:38:36] [INFO] [ren.tools]: Sandbox executing command: '"D:\Coding projects\REN-AI-main (1)\REN-AI-main\.venv\Scripts\python.exe" "C:\Users\CYANCO~1\AppData\Local\Temp\tmp81htk38k.py"' in D:\Coding projects\REN-AI-main (1)\REN-AI-main (timeout=15s)
[2026-08-24 02:38:36] [WARNING] [ren.tools]: Validation failed for tool 'read_file': Missing required parameter 'path' for tool 'read_file'
[2026-08-24 02:38:36] [INFO] [ren.tools]: Executing tool 'python_execute' with args {'code': "a = 15\nb = 25\nprint(f'Sum: {a + b}')\n"}...
[2026-08-24 02:38:36] [INFO] [ren.tools]: Sandbox executing command: '"D:\Coding projects\REN-AI-main (1)\REN-AI-main\.venv\Scripts\python.exe" "C:\Users\CYANCO~1\AppData\Local\Temp\tmpsb1pl_j7.py"' in D:\Coding projects\REN-AI-main (1)\REN-AI-main (timeout=30s)
[2026-08-24 02:38:36] [INFO] [ren.tools]: Tool 'python_execute' completed successfully in 0.158s
[2026-08-24 02:38:36] [INFO] [ren.tools]: Executing tool 'system_status' with args {}...
[2026-08-24 02:38:37] [INFO] [ren.tools]: Tool 'system_status' completed successfully in 0.531s
[2026-08-24 02:38:37] [INFO] [ren.tools]: Executing tool 'write_file' with args {'path': 'C:\\Users\\CYANCO~1\\AppData\\Local\\Temp\\tmphe2jkisd\\test.txt', 'content': 'Hello World REN'}...
[2026-08-24 02:38:37] [INFO] [ren.tools]: Tool 'write_file' completed successfully in 0.002s
[2026-08-24 02:38:37] [INFO] [ren.tools]: Executing tool 'read_file' with args {'path': 'C:\\Users\\CYANCO~1\\AppData\\Local\\Temp\\tmphe2jkisd\\test.txt'}...
[2026-08-24 02:38:37] [INFO] [ren.tools]: Tool 'read_file' completed successfully in 0.001s
[2026-08-24 02:47:56] [INFO] [ren.tools]: Executing tool 'system_status' with args {}...
[2026-08-24 02:47:57] [INFO] [ren.tools]: Tool 'system_status' completed successfully in 0.598s
[2026-08-24 02:48:00] [INFO] [ren.tools]: Sandbox executing command: '"C:\Users\Cyan Code\AppData\Local\Programs\Python\Python310\python.exe" "C:\Users\CYANCO~1\AppData\Local\Temp\tmp831uaa_7.py"' in D:\Coding projects\REN-AI-main (1)\REN-AI-main (timeout=15s)
[2026-08-24 02:48:00] [WARNING] [ren.tools]: Validation failed for tool 'read_file': Missing required parameter 'path' for tool 'read_file'
[2026-08-24 02:48:00] [INFO] [ren.tools]: Executing tool 'python_execute' with args {'code': "a = 15\nb = 25\nprint(f'Sum: {a + b}')\n"}...
[2026-08-24 02:48:00] [INFO] [ren.tools]: Sandbox executing command: '"C:\Users\Cyan Code\AppData\Local\Programs\Python\Python310\python.exe" "C:\Users\CYANCO~1\AppData\Local\Temp\tmp0d7wrgab.py"' in D:\Coding projects\REN-AI-main (1)\REN-AI-main (timeout=30s)
[2026-08-24 02:48:00] [INFO] [ren.tools]: Tool 'python_execute' completed successfully in 0.158s
[2026-08-24 02:48:00] [INFO] [ren.tools]: Executing tool 'system_status' with args {}...
[2026-08-24 02:48:01] [INFO] [ren.tools]: Tool 'system_status' completed successfully in 0.539s
[2026-08-24 02:48:01] [INFO] [ren.tools]: Executing tool 'write_file' with args {'path': 'C:\\Users\\CYANCO~1\\AppData\\Local\\Temp\\tmpkxco8fe0\\test.txt', 'content': 'Hello World REN'}...
[2026-08-24 02:48:01] [INFO] [ren.tools]: Tool 'write_file' completed successfully in 0.001s
[2026-08-24 02:48:01] [INFO] [ren.tools]: Executing tool 'read_file' with args {'path': 'C:\\Users\\CYANCO~1\\AppData\\Local\\Temp\\tmpkxco8fe0\\test.txt'}...
[2026-08-24 02:48:01] [INFO] [ren.tools]: Tool 'read_file' completed successfully in 0.003s
[2026-08-24 02:48:51] [INFO] [ren.tools]: Executing tool 'system_status' with args {}...
[2026-08-24 02:48:51] [INFO] [ren.tools]: Tool 'system_status' completed successfully in 0.520s
[2026-08-24 02:48:55] [INFO] [ren.tools]: Sandbox executing command: '"C:\Users\Cyan Code\AppData\Local\Programs\Python\Python310\python.exe" "C:\Users\CYANCO~1\AppData\Local\Temp\tmp70yubzlq.py"' in D:\Coding projects\REN-AI-main (1)\REN-AI-main (timeout=15s)
[2026-08-24 02:48:55] [WARNING] [ren.tools]: Validation failed for tool 'read_file': Missing required parameter 'path' for tool 'read_file'
[2026-08-24 02:48:55] [INFO] [ren.tools]: Executing tool 'python_execute' with args {'code': "a = 15\nb = 25\nprint(f'Sum: {a + b}')\n"}...
[2026-08-24 02:48:55] [INFO] [ren.tools]: Sandbox executing command: '"C:\Users\Cyan Code\AppData\Local\Programs\Python\Python310\python.exe" "C:\Users\CYANCO~1\AppData\Local\Temp\tmp33ye3li9.py"' in D:\Coding projects\REN-AI-main (1)\REN-AI-main (timeout=30s)
[2026-08-24 02:48:55] [INFO] [ren.tools]: Tool 'python_execute' completed successfully in 0.173s
[2026-08-24 02:48:55] [INFO] [ren.tools]: Executing tool 'system_status' with args {}...
[2026-08-24 02:48:55] [INFO] [ren.tools]: Tool 'system_status' completed successfully in 0.516s
[2026-08-24 02:48:55] [INFO] [ren.tools]: Executing tool 'write_file' with args {'path': 'C:\\Users\\CYANCO~1\\AppData\\Local\\Temp\\tmp61tv0b1i\\test.txt', 'content': 'Hello World REN'}...
[2026-08-24 02:48:55] [INFO] [ren.tools]: Tool 'write_file' completed successfully in 0.001s
[2026-08-24 02:48:55] [INFO] [ren.tools]: Executing tool 'read_file' with args {'path': 'C:\\Users\\CYANCO~1\\AppData\\Local\\Temp\\tmp61tv0b1i\\test.txt'}...
[2026-08-24 02:48:55] [INFO] [ren.tools]: Tool 'read_file' completed successfully in 0.001s
[2026-08-25 01:53:20] [INFO] [ren.tools]: Executing live web search for: 'gold price USD'
[2026-08-25 02:34:13] [INFO] [ren.tools]: Executing tool 'web_search' with args {'query': 'where is india'}...
[2026-08-25 02:34:13] [INFO] [ren.tools]: Executing live web search for: 'where is india'
[2026-08-25 02:34:15] [INFO] [ren.tools]: Tool 'web_search' completed successfully in 1.991s
[2026-08-25 02:36:14] [INFO] [ren.tools]: Executing tool 'web_search' with args {'query': 'where is india'}...
[2026-08-25 02:36:14] [INFO] [ren.tools]: Executing live web search for: 'where is india'
[2026-08-25 02:36:14] [INFO] [ren.tools]: Tool 'web_search' completed successfully in 0.595s
[2026-08-25 02:39:03] [INFO] [ren.tools]: Executing tool 'system_status' with args {}...
[2026-08-25 02:39:03] [INFO] [ren.tools]: Tool 'system_status' completed successfully in 0.517s
[2026-08-25 02:39:07] [INFO] [ren.tools]: Sandbox executing command: '"D:\Coding projects\REN-AI-main (1)\REN-AI-main\.venv\Scripts\python.exe" "C:\Users\CYANCO~1\AppData\Local\Temp\tmph8oc1gd3.py"' in D:\Coding projects\REN-AI-main (1)\REN-AI-main (timeout=15s)
[2026-08-25 02:39:07] [WARNING] [ren.tools]: Validation failed for tool 'read_file': Missing required parameter 'path' for tool 'read_file'
[2026-08-25 02:39:07] [INFO] [ren.tools]: Executing tool 'python_execute' with args {'code': "a = 15\nb = 25\nprint(f'Sum: {a + b}')\n"}...
[2026-08-25 02:39:07] [INFO] [ren.tools]: Sandbox executing command: '"D:\Coding projects\REN-AI-main (1)\REN-AI-main\.venv\Scripts\python.exe" "C:\Users\CYANCO~1\AppData\Local\Temp\tmpkvsh6i9i.py"' in D:\Coding projects\REN-AI-main (1)\REN-AI-main (timeout=30s)
[2026-08-25 02:39:07] [INFO] [ren.tools]: Tool 'python_execute' completed successfully in 0.074s
[2026-08-25 02:39:07] [INFO] [ren.tools]: Executing tool 'system_status' with args {}...
[2026-08-25 02:39:07] [INFO] [ren.tools]: Tool 'system_status' completed successfully in 0.520s
[2026-08-25 02:39:07] [INFO] [ren.tools]: Executing tool 'write_file' with args {'path': 'C:\\Users\\CYANCO~1\\AppData\\Local\\Temp\\tmp_ocd371b\\test.txt', 'content': 'Hello World REN'}...
[2026-08-25 02:39:07] [INFO] [ren.tools]: Tool 'write_file' completed successfully in 0.002s
[2026-08-25 02:39:07] [INFO] [ren.tools]: Executing tool 'read_file' with args {'path': 'C:\\Users\\CYANCO~1\\AppData\\Local\\Temp\\tmp_ocd371b\\test.txt'}...
[2026-08-25 02:39:07] [INFO] [ren.tools]: Tool 'read_file' completed successfully in 0.001s
[2026-08-25 02:42:49] [INFO] [ren.tools]: Executing tool 'web_search' with args {'query': 'current gold price'}...
[2026-08-25 02:42:49] [INFO] [ren.tools]: Executing live web search for: 'current gold price'
[2026-08-25 02:42:51] [INFO] [ren.tools]: Tool 'web_search' completed successfully in 1.619s
[2026-08-25 02:43:00] [INFO] [ren.tools]: Executing tool 'web_search' with args {'query': 'current gold price'}...
[2026-08-25 02:43:00] [INFO] [ren.tools]: Executing live web search for: 'current gold price'
[2026-08-25 02:43:02] [INFO] [ren.tools]: Tool 'web_search' completed successfully in 1.449s
[2026-08-25 02:43:43] [INFO] [ren.tools]: Executing tool 'web_search' with args {'query': 'current gold price'}...
[2026-08-25 02:43:43] [INFO] [ren.tools]: Executing live web search for: 'current gold price'
[2026-08-25 02:43:44] [INFO] [ren.tools]: Tool 'web_search' completed successfully in 1.366s
[2026-08-25 02:43:53] [INFO] [ren.tools]: Executing tool 'web_search' with args {'query': 'current gold price'}...
[2026-08-25 02:43:53] [INFO] [ren.tools]: Executing live web search for: 'current gold price'
[2026-08-25 02:43:55] [INFO] [ren.tools]: Tool 'web_search' completed successfully in 1.520s
[2026-08-25 02:44:26] [INFO] [ren.tools]: Executing tool 'system_status' with args {}...
[2026-08-25 02:44:26] [INFO] [ren.tools]: Tool 'system_status' completed successfully in 0.513s
[2026-08-25 02:44:31] [INFO] [ren.tools]: Executing tool 'system_status' with args {'timeout': 5}...
[2026-08-25 02:44:32] [INFO] [ren.tools]: Tool 'system_status' completed successfully in 0.514s
[2026-08-25 02:44:37] [INFO] [ren.tools]: Executing tool 'system_status' with args {'timeout': 5}...
[2026-08-25 02:44:38] [INFO] [ren.tools]: Tool 'system_status' completed successfully in 0.505s
[2026-08-25 02:44:43] [INFO] [ren.tools]: Executing tool 'system_status' with args {}...
[2026-08-25 02:44:44] [INFO] [ren.tools]: Tool 'system_status' completed successfully in 0.515s
[2026-08-25 02:44:47] [INFO] [ren.tools]: Executing tool 'system_status' with args {}...
[2026-08-25 02:44:47] [INFO] [ren.tools]: Tool 'system_status' completed successfully in 0.503s
[2026-08-25 02:44:54] [INFO] [ren.tools]: Executing tool 'system_status' with args {'timeout': None}...
[2026-08-25 02:44:54] [INFO] [ren.tools]: Tool 'system_status' completed successfully in 0.505s
[2026-08-25 02:44:57] [INFO] [ren.tools]: Executing tool 'system_status' with args {}...
[2026-08-25 02:44:57] [INFO] [ren.tools]: Tool 'system_status' completed successfully in 0.517s
[2026-08-25 02:45:04] [INFO] [ren.tools]: Executing tool 'system_status' with args {'timeout': 5}...
[2026-08-25 02:45:04] [INFO] [ren.tools]: Tool 'system_status' completed successfully in 0.502s
[2026-08-25 02:46:22] [INFO] [ren.tools]: Executing tool 'generate_image' with args {'prompt': 'Create a voice for every message I send to you.', 'width': 4096, 'height': 2152}...
[2026-08-25 02:46:22] [INFO] [ren.tools]: Generating image for prompt: 'Create a voice for every message I send to you.' (4096x2152)
[2026-08-25 02:46:25] [INFO] [ren.tools]: Tool 'generate_image' completed successfully in 2.391s
[2026-08-25 02:46:35] [INFO] [ren.tools]: Executing tool 'generate_image' with args {'prompt': 'Create a voice for every message I send to you.', 'width': 4096, 'height': 2152}...
[2026-08-25 02:46:35] [INFO] [ren.tools]: Generating image for prompt: 'Create a voice for every message I send to you.' (4096x2152)
[2026-08-25 02:46:35] [INFO] [ren.tools]: Tool 'generate_image' completed successfully in 0.944s
[2026-08-25 02:47:05] [INFO] [ren.tools]: Executing tool 'generate_image' with args {'prompt': 'A detailed image of an organized downloads folder with various file types sorted by category.', 'width': 800, 'height': 600}...
[2026-08-25 02:47:05] [INFO] [ren.tools]: Generating image for prompt: 'A detailed image of an organized downloads folder with various file types sorted by category.' (800x600)
[2026-08-25 02:47:10] [INFO] [ren.tools]: Tool 'generate_image' completed successfully in 4.516s
[2026-08-25 02:47:25] [INFO] [ren.tools]: Executing tool 'generate_image' with args {'prompt': 'A detailed image of an AI assistant creating a new skill.', 'width': 800, 'height': 600}...
[2026-08-25 02:47:25] [INFO] [ren.tools]: Generating image for prompt: 'A detailed image of an AI assistant creating a new skill.' (800x600)
[2026-08-25 02:47:45] [WARNING] [ren.tools]: Direct download failed, providing direct URL: The read operation timed out
[2026-08-25 02:47:45] [INFO] [ren.tools]: Tool 'generate_image' completed successfully in 20.468s
[2026-08-25 02:48:16] [INFO] [ren.tools]: Executing tool 'generate_image' with args {'prompt': 'A Minecraft game screen with a player playing and a variety of blocks around them.', 'width': 800, 'height': 600}...
[2026-08-25 02:48:16] [INFO] [ren.tools]: Generating image for prompt: 'A Minecraft game screen with a player playing and a variety of blocks around them.' (800x600)
[2026-08-25 02:48:37] [WARNING] [ren.tools]: Direct download failed, providing direct URL: The read operation timed out
[2026-08-25 02:48:37] [INFO] [ren.tools]: Tool 'generate_image' completed successfully in 20.664s
[2026-08-25 02:56:53] [INFO] [ren.tools]: Executing tool 'generate_image' with args {'prompt': 'A visually appealing image of a file organization tool with sorting icons and labels.', 'width': 800, 'height': 600}...
[2026-08-25 02:56:53] [INFO] [ren.tools]: Generating image for prompt: 'A visually appealing image of a file organization tool with sorting icons and labels.' (800x600)
[2026-08-25 02:56:56] [INFO] [ren.tools]: Tool 'generate_image' completed successfully in 2.261s
[2026-08-25 02:59:13] [INFO] [ren.tools]: Executing tool 'python_execute' with args {'code': ''}...
[2026-08-25 02:59:13] [INFO] [ren.tools]: Sandbox executing command: '"D:\Coding projects\REN-AI-main (1)\REN-AI-main\.venv\Scripts\python.exe" "C:\Users\CYANCO~1\AppData\Local\Temp\tmpzz5zylz_.py"' in D:\Coding projects\REN-AI-main (1)\REN-AI-main (timeout=30s)
[2026-08-25 02:59:13] [INFO] [ren.tools]: Tool 'python_execute' completed successfully in 0.184s
[2026-08-25 03:01:50] [INFO] [ren.tools]: Executing tool 'python_execute' with args {'code': "import os, sys, shutil, requests, psutil, json\nfrom ren.core.router import get_downloads_dir\nfrom ren.memory.manager import memory_manager\n\nimport tensorflow as tf\nfrom tensorflow.keras.datasets import mnist\nfrom tensorflow.keras.models import Sequential\nfrom tensorflow.keras.layers import Dense, Dropout\n\n# Load and preprocess the MNIST dataset\n(x_train, y_train), (x_test, y_test) = mnist.load_data()\nx_train, x_test = x_train / 255.0, x_test / 255.0\n\n# Define the model architecture\nmodel = Sequential([\n    Dense(128, activation='relu', input_shape=(784,)),\n    Dropout(0.2),\n    Dense(64, activation='relu'),\n    Dropout(0.2),\n    Dense(10, activation='softmax')\n])\n\n# Compile the model\nmodel.compile(optimizer='adam',\n              loss='sparse_categorical_crossentropy',\n              metrics=['accuracy'])\n\n# Train the model\nhistory = model.fit(x_train, y_train,\n                    epochs=5,\n                    batch_size=64,\n                    validation_data=(x_test, y_test))\n\n# Evaluate the model on the test set\ntest_loss, test_acc = model.evaluate(x_test, y_test)\nprint(f'Test accuracy: {test_acc}')"}...
[2026-08-25 03:01:50] [INFO] [ren.tools]: Sandbox executing command: '"D:\Coding projects\REN-AI-main (1)\REN-AI-main\.venv\Scripts\python.exe" "C:\Users\CYANCO~1\AppData\Local\Temp\tmpfi1e_exk.py"' in D:\Coding projects\REN-AI-main (1)\REN-AI-main (timeout=30s)
[2026-08-25 03:01:50] [WARNING] [ren.tools]: Tool 'python_execute' failed in 0.389s: Traceback (most recent call last):
  File "C:\Users\CYANCO~1\AppData\Local\Temp\tmpfi1e_exk.py", line 2, in <module>
    from ren.core.router import get_downloads_dir
ModuleNotFoundError: No module named 'ren'
[2026-08-25 03:25:21] [INFO] [ren.tools]: Executing tool 'system_status' with args {}...
[2026-08-25 03:25:21] [INFO] [ren.tools]: Tool 'system_status' completed successfully in 0.509s
[2026-08-25 03:25:24] [INFO] [ren.tools]: Sandbox executing command: '"D:\Coding projects\REN-AI-main (1)\REN-AI-main\.venv\Scripts\python.exe" "C:\Users\CYANCO~1\AppData\Local\Temp\tmpe7c_pm2l.py"' in D:\Coding projects\REN-AI-main (1)\REN-AI-main (timeout=15s)
[2026-08-25 03:25:24] [WARNING] [ren.tools]: Validation failed for tool 'read_file': Missing required parameter 'path' for tool 'read_file'
[2026-08-25 03:25:24] [INFO] [ren.tools]: Executing tool 'python_execute' with args {'code': "a = 15\nb = 25\nprint(f'Sum: {a + b}')\n"}...
[2026-08-25 03:25:24] [INFO] [ren.tools]: Sandbox executing command: '"D:\Coding projects\REN-AI-main (1)\REN-AI-main\.venv\Scripts\python.exe" "C:\Users\CYANCO~1\AppData\Local\Temp\tmpvxkxo40_.py"' in D:\Coding projects\REN-AI-main (1)\REN-AI-main (timeout=30s)
[2026-08-25 03:25:24] [INFO] [ren.tools]: Tool 'python_execute' completed successfully in 0.069s
[2026-08-25 03:25:24] [INFO] [ren.tools]: Executing tool 'system_status' with args {}...
[2026-08-25 03:25:25] [INFO] [ren.tools]: Tool 'system_status' completed successfully in 0.502s
[2026-08-25 03:25:25] [INFO] [ren.tools]: Executing tool 'write_file' with args {'path': 'C:\\Users\\CYANCO~1\\AppData\\Local\\Temp\\tmppks6l6l3\\test.txt', 'content': 'Hello World REN'}...
[2026-08-25 03:25:25] [INFO] [ren.tools]: Tool 'write_file' completed successfully in 0.001s
[2026-08-25 03:25:25] [INFO] [ren.tools]: Executing tool 'read_file' with args {'path': 'C:\\Users\\CYANCO~1\\AppData\\Local\\Temp\\tmppks6l6l3\\test.txt'}...
[2026-08-25 03:25:25] [INFO] [ren.tools]: Tool 'read_file' completed successfully in 0.000s
[2026-08-25 03:29:04] [INFO] [ren.tools]: Executing tool 'web_search' with args {'query': 'How is the AI community currently?'}...
[2026-08-25 03:29:04] [INFO] [ren.tools]: Executing live web search for: 'How is the AI community currently?'
[2026-08-25 03:29:06] [INFO] [ren.tools]: Tool 'web_search' completed successfully in 1.654s
[2026-08-25 03:29:52] [INFO] [ren.tools]: Executing tool 'web_search' with args {'query': 'president of colombia'}...
[2026-08-25 03:29:52] [INFO] [ren.tools]: Executing live web search for: 'president of colombia'
[2026-08-25 03:29:52] [INFO] [ren.tools]: Tool 'web_search' completed successfully in 0.324s
[2026-08-25 03:29:59] [INFO] [ren.tools]: Executing tool 'web_search' with args {'query': 'president of colombia'}...
[2026-08-25 03:29:59] [INFO] [ren.tools]: Executing live web search for: 'president of colombia'
[2026-08-25 03:29:59] [INFO] [ren.tools]: Tool 'web_search' completed successfully in 0.250s
[2026-08-25 03:36:38] [INFO] [ren.tools]: Executing tool 'web_search' with args {'query': 'president of colombia'}...
[2026-08-25 03:36:38] [INFO] [ren.tools]: Executing live web search for: 'president of colombia'
[2026-08-25 03:36:38] [INFO] [ren.tools]: Tool 'web_search' completed successfully in 0.319s
[2026-08-25 03:37:17] [INFO] [ren.tools]: Executing tool 'web_search' with args {'query': 'capital of france'}...
[2026-08-25 03:37:17] [INFO] [ren.tools]: Executing live web search for: 'capital of france'
[2026-08-25 03:37:18] [INFO] [ren.tools]: Tool 'web_search' completed successfully in 1.413s
[2026-08-25 03:37:54] [INFO] [ren.tools]: Executing tool 'system_status' with args {}...
[2026-08-25 03:37:55] [INFO] [ren.tools]: Tool 'system_status' completed successfully in 0.522s
[2026-08-25 03:37:57] [INFO] [ren.tools]: Sandbox executing command: '"D:\Coding projects\REN-AI-main (1)\REN-AI-main\.venv\Scripts\python.exe" "C:\Users\CYANCO~1\AppData\Local\Temp\tmp0gbmvfs4.py"' in D:\Coding projects\REN-AI-main (1)\REN-AI-main (timeout=15s)
[2026-08-25 03:37:57] [WARNING] [ren.tools]: Validation failed for tool 'read_file': Missing required parameter 'path' for tool 'read_file'
[2026-08-25 03:37:57] [INFO] [ren.tools]: Executing tool 'python_execute' with args {'code': "a = 15\nb = 25\nprint(f'Sum: {a + b}')\n"}...
[2026-08-25 03:37:57] [INFO] [ren.tools]: Sandbox executing command: '"D:\Coding projects\REN-AI-main (1)\REN-AI-main\.venv\Scripts\python.exe" "C:\Users\CYANCO~1\AppData\Local\Temp\tmp2c3bqfa4.py"' in D:\Coding projects\REN-AI-main (1)\REN-AI-main (timeout=30s)
[2026-08-25 03:37:57] [INFO] [ren.tools]: Tool 'python_execute' completed successfully in 0.087s
[2026-08-25 03:37:57] [INFO] [ren.tools]: Executing tool 'system_status' with args {}...
[2026-08-25 03:37:58] [INFO] [ren.tools]: Tool 'system_status' completed successfully in 0.507s
[2026-08-25 03:37:58] [INFO] [ren.tools]: Executing tool 'write_file' with args {'path': 'C:\\Users\\CYANCO~1\\AppData\\Local\\Temp\\tmpez5ljbeh\\test.txt', 'content': 'Hello World REN'}...
[2026-08-25 03:37:58] [INFO] [ren.tools]: Tool 'write_file' completed successfully in 0.001s
[2026-08-25 03:37:58] [INFO] [ren.tools]: Executing tool 'read_file' with args {'path': 'C:\\Users\\CYANCO~1\\AppData\\Local\\Temp\\tmpez5ljbeh\\test.txt'}...
[2026-08-25 03:37:58] [INFO] [ren.tools]: Tool 'read_file' completed successfully in 0.001s
[2026-08-25 03:39:35] [INFO] [ren.tools]: Executing tool 'web_search' with args {'query': 'President of Colombia'}...
[2026-08-25 03:39:35] [INFO] [ren.tools]: Executing live web search for: 'President of Colombia'
[2026-08-25 03:39:35] [INFO] [ren.tools]: Tool 'web_search' completed successfully in 0.338s
[2026-08-25 03:47:06] [INFO] [ren.tools]: Executing tool 'web_search' with args {'query': "Sadiq's creator nickname"}...
[2026-08-25 03:47:06] [INFO] [ren.tools]: Executing live web search for: 'Sadiq's creator nickname'
[2026-08-25 03:47:07] [INFO] [ren.tools]: Tool 'web_search' completed successfully in 1.666s
[2026-08-25 03:47:46] [INFO] [ren.tools]: Executing tool 'system_status' with args {'query': ''}...
[2026-08-25 03:47:47] [INFO] [ren.tools]: Tool 'system_status' completed successfully in 0.707s
[2026-08-25 03:48:20] [INFO] [ren.tools]: Executing tool 'system_status' with args {}...
[2026-08-25 03:48:21] [INFO] [ren.tools]: Tool 'system_status' completed successfully in 0.524s
[2026-08-25 03:48:24] [INFO] [ren.tools]: Sandbox executing command: '"C:\Users\Cyan Code\AppData\Local\Programs\Python\Python310\python.exe" "C:\Users\CYANCO~1\AppData\Local\Temp\tmpfof4_4uh.py"' in D:\Coding projects\REN-AI-main (1)\REN-AI-main (timeout=15s)
[2026-08-25 03:48:24] [WARNING] [ren.tools]: Validation failed for tool 'read_file': Missing required parameter 'path' for tool 'read_file'
[2026-08-25 03:48:24] [INFO] [ren.tools]: Executing tool 'python_execute' with args {'code': "a = 15\nb = 25\nprint(f'Sum: {a + b}')\n"}...
[2026-08-25 03:48:24] [INFO] [ren.tools]: Sandbox executing command: '"C:\Users\Cyan Code\AppData\Local\Programs\Python\Python310\python.exe" "C:\Users\CYANCO~1\AppData\Local\Temp\tmpdzpo595y.py"' in D:\Coding projects\REN-AI-main (1)\REN-AI-main (timeout=30s)
[2026-08-25 03:48:24] [INFO] [ren.tools]: Tool 'python_execute' completed successfully in 0.072s
[2026-08-25 03:48:24] [INFO] [ren.tools]: Executing tool 'system_status' with args {}...
[2026-08-25 03:48:25] [INFO] [ren.tools]: Tool 'system_status' completed successfully in 0.514s
[2026-08-25 03:48:25] [INFO] [ren.tools]: Executing tool 'write_file' with args {'path': 'C:\\Users\\CYANCO~1\\AppData\\Local\\Temp\\tmpx6plbfqv\\test.txt', 'content': 'Hello World REN'}...
[2026-08-25 03:48:25] [INFO] [ren.tools]: Tool 'write_file' completed successfully in 0.001s
[2026-08-25 03:48:25] [INFO] [ren.tools]: Executing tool 'read_file' with args {'path': 'C:\\Users\\CYANCO~1\\AppData\\Local\\Temp\\tmpx6plbfqv\\test.txt'}...
[2026-08-25 03:48:25] [INFO] [ren.tools]: Tool 'read_file' completed successfully in 0.000s
[2026-08-25 03:55:12] [INFO] [ren.tools]: Executing tool 'generate_image' with args {'prompt': 'A beautiful sunset over the ocean with a boat in the foreground.', 'width': 800, 'height': 600}...
[2026-08-25 03:55:12] [INFO] [ren.tools]: Generating image for prompt: 'A beautiful sunset over the ocean with a boat in the foreground.' (800x600)
[2026-08-25 03:55:15] [INFO] [ren.tools]: Tool 'generate_image' completed successfully in 2.725s
[2026-08-25 03:55:27] [INFO] [ren.tools]: Executing live web search for: 'gold price today in USD'
[2026-08-25 03:55:29] [INFO] [ren.tools]: Executing live web search for: 'weather in Tokyo today'
[2026-08-25 03:55:30] [INFO] [ren.tools]: Executing live web search for: 'latest news in tech 2026'
[2026-08-25 03:55:31] [INFO] [ren.tools]: Executing live web search for: 'who is the president of Colombia at present'
[2026-08-25 03:55:31] [INFO] [ren.tools]: Executing tool 'generate_image' with args {'prompt': 'A beautiful sunset over the ocean with a boat in the foreground.', 'width': 800, 'height': 600}...
[2026-08-25 03:55:31] [INFO] [ren.tools]: Generating image for prompt: 'A beautiful sunset over the ocean with a boat in the foreground.' (800x600)
[2026-08-25 03:55:32] [INFO] [ren.tools]: Tool 'generate_image' completed successfully in 0.642s
[2026-08-25 03:55:33] [INFO] [ren.tools]: Executing live web search for: 'who is the ceo of tesla'
[2026-08-25 03:58:00] [INFO] [ren.tools]: Executing live web search for: 'gold price today in USD'
[2026-08-25 03:58:01] [INFO] [ren.tools]: Executing live web search for: 'weather in Tokyo today'
[2026-08-25 03:58:02] [INFO] [ren.tools]: Executing live web search for: 'latest news in tech 2026'
[2026-08-25 03:58:03] [INFO] [ren.tools]: Executing live web search for: 'who is the president of Colombia at present'
[2026-08-25 03:58:05] [INFO] [ren.tools]: Executing live web search for: 'who is the ceo of tesla'
[2026-08-25 03:59:02] [INFO] [ren.tools]: Executing tool 'web_search' with args {'query': 'current president of colombia'}...
[2026-08-25 03:59:02] [INFO] [ren.tools]: Executing live web search for: 'current president of colombia'
[2026-08-25 03:59:03] [INFO] [ren.tools]: Tool 'web_search' completed successfully in 1.530s
[2026-08-25 03:59:30] [INFO] [ren.tools]: Executing tool 'web_search' with args {'query': 'current price of gold per ounce'}...
[2026-08-25 03:59:30] [INFO] [ren.tools]: Executing live web search for: 'current price of gold per ounce'
[2026-08-25 03:59:33] [INFO] [ren.tools]: Tool 'web_search' completed successfully in 2.708s
[2026-08-25 04:00:02] [INFO] [ren.tools]: Executing tool 'web_search' with args {'query': 'Who is the CEO of Tesla? '}...
[2026-08-25 04:00:02] [INFO] [ren.tools]: Executing live web search for: 'Who is the CEO of Tesla?'
[2026-08-25 04:00:07] [INFO] [ren.tools]: Tool 'web_search' completed successfully in 4.737s
[2026-08-25 04:00:39] [INFO] [ren.tools]: Executing tool 'system_status' with args {}...
[2026-08-25 04:00:39] [INFO] [ren.tools]: Tool 'system_status' completed successfully in 0.512s
[2026-08-25 04:00:43] [INFO] [ren.tools]: Sandbox executing command: '"D:\Coding projects\REN-AI-main (1)\REN-AI-main\.venv\Scripts\python.exe" "C:\Users\CYANCO~1\AppData\Local\Temp\tmp5z2fbm3e.py"' in D:\Coding projects\REN-AI-main (1)\REN-AI-main (timeout=15s)
[2026-08-25 04:00:43] [WARNING] [ren.tools]: Validation failed for tool 'read_file': Missing required parameter 'path' for tool 'read_file'
[2026-08-25 04:00:43] [INFO] [ren.tools]: Executing tool 'python_execute' with args {'code': "a = 15\nb = 25\nprint(f'Sum: {a + b}')\n"}...
[2026-08-25 04:00:43] [INFO] [ren.tools]: Sandbox executing command: '"D:\Coding projects\REN-AI-main (1)\REN-AI-main\.venv\Scripts\python.exe" "C:\Users\CYANCO~1\AppData\Local\Temp\tmp48s8kq9x.py"' in D:\Coding projects\REN-AI-main (1)\REN-AI-main (timeout=30s)
[2026-08-25 04:00:43] [INFO] [ren.tools]: Tool 'python_execute' completed successfully in 0.105s
[2026-08-25 04:00:43] [INFO] [ren.tools]: Executing tool 'system_status' with args {}...
[2026-08-25 04:00:44] [INFO] [ren.tools]: Tool 'system_status' completed successfully in 0.517s
[2026-08-25 04:00:44] [INFO] [ren.tools]: Executing tool 'write_file' with args {'path': 'C:\\Users\\CYANCO~1\\AppData\\Local\\Temp\\tmpv0z2xcah\\test.txt', 'content': 'Hello World REN'}...
[2026-08-25 04:00:44] [INFO] [ren.tools]: Tool 'write_file' completed successfully in 0.001s
[2026-08-25 04:00:44] [INFO] [ren.tools]: Executing tool 'read_file' with args {'path': 'C:\\Users\\CYANCO~1\\AppData\\Local\\Temp\\tmpv0z2xcah\\test.txt'}...
[2026-08-25 04:00:44] [INFO] [ren.tools]: Tool 'read_file' completed successfully in 0.001s
[2026-08-25 04:03:18] [INFO] [ren.tools]: Executing tool 'web_search' with args {'query': 'current gold price'}...
[2026-08-25 04:03:18] [INFO] [ren.tools]: Executing live web search for: 'current gold price'
[2026-08-25 04:03:19] [INFO] [ren.tools]: Tool 'web_search' completed successfully in 1.212s
[2026-08-25 04:07:12] [INFO] [ren.tools]: Executing tool 'generate_image' with args {'prompt': 'A close-up of a person standing in front of a camera, looking at something.', 'width': 800, 'height': 600}...
[2026-08-25 04:07:12] [INFO] [ren.tools]: Generating image for prompt: 'A close-up of a person standing in front of a camera, looking at something.' (800x600)
[2026-08-25 04:07:15] [INFO] [ren.tools]: Tool 'generate_image' completed successfully in 2.497s
[2026-08-25 04:18:45] [INFO] [ren.tools]: Executing tool 'web_search' with args {'query': 'Who created Ren AI?'}...
[2026-08-25 04:18:45] [INFO] [ren.tools]: Executing live web search for: 'Who created Ren AI?'
[2026-08-25 04:18:46] [INFO] [ren.tools]: Tool 'web_search' completed successfully in 1.364s
[2026-08-25 04:19:28] [INFO] [ren.tools]: Executing tool 'web_search' with args {'query': 'Who launched PRIME drink'}...
[2026-08-25 04:19:28] [INFO] [ren.tools]: Executing live web search for: 'Who launched PRIME drink'
[2026-08-25 04:19:29] [INFO] [ren.tools]: Tool 'web_search' completed successfully in 1.206s
[2026-08-25 04:19:43] [INFO] [ren.tools]: Executing tool 'remember_fact' with args {'fact': 'Mohammed Sadiq Ibrahim created me, Ren AI.', 'category': 'Creator Information', 'tags': ['creator', 'name']}...
[2026-08-25 04:19:43] [INFO] [ren.tools]: Tool 'remember_fact' completed successfully in 0.433s
[2026-08-25 05:08:08] [INFO] [ren.tools]: Executing tool 'web_search' with args {'query': 'capital of nepal'}...
[2026-08-25 05:08:08] [INFO] [ren.tools]: Executing live web search for: 'capital of nepal'
[2026-08-25 05:08:10] [INFO] [ren.tools]: Tool 'web_search' completed successfully in 1.404s
[2026-08-25 05:10:57] [INFO] [ren.tools]: Executing tool 'inspect_skill' with args {'name': 'noun'}...
[2026-08-25 05:10:57] [WARNING] [ren.tools]: Tool 'inspect_skill' failed in 0.000s: Skill 'noun' not found in registry.
[2026-08-25 05:12:29] [INFO] [ren.tools]: Executing tool 'query_memory' with args {'query': 'What are the different forms of nouns such as common noun proper noun etc'}...
[2026-08-25 05:12:30] [INFO] [ren.tools]: Tool 'query_memory' completed successfully in 0.921s
[2026-08-25 05:15:43] [INFO] [ren.tools]: Executing tool 'git_commit' with args {'message': 'Committing changes in Ren AI folder.', 'all_files': True}...
[2026-08-25 05:15:43] [INFO] [ren.tools]: Sandbox executing command: 'git add -A' in D:\Coding projects\REN-AI-main (1)\REN-AI-main (timeout=60s)
[2026-08-25 05:15:50] [INFO] [ren.tools]: Sandbox executing command: 'git commit -m "Committing changes in Ren AI folder."' in D:\Coding projects\REN-AI-main (1)\REN-AI-main (timeout=60s)
[2026-08-25 05:15:52] [INFO] [ren.tools]: Tool 'git_commit' completed successfully in 8.129s
[2026-08-25 05:36:44] [INFO] [ren.tools]: Executing tool 'git_commit' with args {'message': 'Committing changes in Ren AI folder.', 'all_files': True}...
[2026-08-25 05:36:44] [INFO] [ren.tools]: Sandbox executing command: 'git add -A' in D:\Coding projects\REN-AI-main (1)\REN-AI-main (timeout=60s)
[2026-08-25 05:36:45] [INFO] [ren.tools]: Sandbox executing command: 'git commit -m "Committing changes in Ren AI folder."' in D:\Coding projects\REN-AI-main (1)\REN-AI-main (timeout=60s)
[2026-08-25 05:36:45] [INFO] [ren.tools]: Tool 'git_commit' completed successfully in 0.733s
[2026-08-29 03:28:24] [INFO] [ren.tools]: Executing tool 'system_status' with args {}...
[2026-08-29 03:28:25] [INFO] [ren.tools]: Tool 'system_status' completed successfully in 0.521s
[2026-08-29 03:28:29] [INFO] [ren.tools]: Sandbox executing command: '"C:\Users\Cyan Code\AppData\Local\Programs\Python\Python310\python.exe" "C:\Users\CYANCO~1\AppData\Local\Temp\tmpn9yol8n1.py"' in D:\Coding projects\REN-AI-main (1)\REN-AI-main (timeout=15s)
[2026-08-29 03:28:30] [WARNING] [ren.tools]: Validation failed for tool 'read_file': Missing required parameter 'path' for tool 'read_file'
[2026-08-29 03:28:30] [INFO] [ren.tools]: Executing tool 'python_execute' with args {'code': "a = 15\nb = 25\nprint(f'Sum: {a + b}')\n"}...
[2026-08-29 03:28:30] [INFO] [ren.tools]: Sandbox executing command: '"C:\Users\Cyan Code\AppData\Local\Programs\Python\Python310\python.exe" "C:\Users\CYANCO~1\AppData\Local\Temp\tmp2x_4nmyn.py"' in D:\Coding projects\REN-AI-main (1)\REN-AI-main (timeout=30s)
[2026-08-29 03:28:30] [INFO] [ren.tools]: Tool 'python_execute' completed successfully in 0.075s
[2026-08-29 03:28:30] [INFO] [ren.tools]: Executing tool 'system_status' with args {}...
[2026-08-29 03:28:30] [INFO] [ren.tools]: Tool 'system_status' completed successfully in 0.507s
[2026-08-29 03:28:30] [INFO] [ren.tools]: Executing tool 'write_file' with args {'path': 'C:\\Users\\CYANCO~1\\AppData\\Local\\Temp\\tmpz0nifsvh\\test.txt', 'content': 'Hello World REN'}...
[2026-08-29 03:28:30] [INFO] [ren.tools]: Tool 'write_file' completed successfully in 0.000s
[2026-08-29 03:28:30] [INFO] [ren.tools]: Executing tool 'read_file' with args {'path': 'C:\\Users\\CYANCO~1\\AppData\\Local\\Temp\\tmpz0nifsvh\\test.txt'}...
[2026-08-29 03:28:30] [INFO] [ren.tools]: Tool 'read_file' completed successfully in 0.000s
[2026-08-29 03:30:49] [INFO] [ren.tools]: Executing tool 'system_status' with args {}...
[2026-08-29 03:30:49] [INFO] [ren.tools]: Tool 'system_status' completed successfully in 0.521s
[2026-08-29 03:30:52] [INFO] [ren.tools]: Executing tool 'system_status' with args {}...
[2026-08-29 03:30:53] [INFO] [ren.tools]: Tool 'system_status' completed successfully in 0.517s
[2026-08-29 03:30:55] [INFO] [ren.tools]: Executing tool 'system_status' with args {}...
[2026-08-29 03:30:56] [INFO] [ren.tools]: Tool 'system_status' completed successfully in 0.509s
[2026-08-29 03:31:02] [INFO] [ren.tools]: Sandbox executing command: '"C:\Users\Cyan Code\AppData\Local\Programs\Python\Python310\python.exe" "C:\Users\CYANCO~1\AppData\Local\Temp\tmpbyix5htv.py"' in D:\Coding projects\REN-AI-main (1)\REN-AI-main (timeout=15s)
[2026-08-29 03:31:02] [WARNING] [ren.tools]: Validation failed for tool 'read_file': Missing required parameter 'path' for tool 'read_file'
[2026-08-29 03:31:02] [INFO] [ren.tools]: Executing tool 'python_execute' with args {'code': "a = 15\nb = 25\nprint(f'Sum: {a + b}')\n"}...
[2026-08-29 03:31:02] [INFO] [ren.tools]: Sandbox executing command: '"C:\Users\Cyan Code\AppData\Local\Programs\Python\Python310\python.exe" "C:\Users\CYANCO~1\AppData\Local\Temp\tmpx0m8ppsu.py"' in D:\Coding projects\REN-AI-main (1)\REN-AI-main (timeout=30s)
[2026-08-29 03:31:02] [INFO] [ren.tools]: Tool 'python_execute' completed successfully in 0.090s
[2026-08-29 03:31:02] [INFO] [ren.tools]: Executing tool 'system_status' with args {}...
[2026-08-29 03:31:03] [INFO] [ren.tools]: Tool 'system_status' completed successfully in 0.524s
[2026-08-29 03:31:03] [INFO] [ren.tools]: Executing tool 'write_file' with args {'path': 'C:\\Users\\CYANCO~1\\AppData\\Local\\Temp\\tmpbhq4wxda\\test.txt', 'content': 'Hello World REN'}...
[2026-08-29 03:31:03] [INFO] [ren.tools]: Tool 'write_file' completed successfully in 0.001s
[2026-08-29 03:31:03] [INFO] [ren.tools]: Executing tool 'read_file' with args {'path': 'C:\\Users\\CYANCO~1\\AppData\\Local\\Temp\\tmpbhq4wxda\\test.txt'}...
[2026-08-29 03:31:03] [INFO] [ren.tools]: Tool 'read_file' completed successfully in 0.001s
[2026-08-29 03:31:15] [INFO] [ren.tools]: Executing tool 'system_status' with args {}...
[2026-08-29 03:31:16] [INFO] [ren.tools]: Tool 'system_status' completed successfully in 0.510s
[2026-08-29 03:31:16] [INFO] [ren.tools]: Executing tool 'inspect_project' with args {'path': '.'}...
[2026-08-29 03:31:16] [INFO] [ren.tools]: Tool 'inspect_project' completed successfully in 0.147s
[2026-08-29 03:31:16] [INFO] [ren.tools]: Executing tool 'python_execute' with args {'code': "print('Sandbox OK')"}...
[2026-08-29 03:31:16] [INFO] [ren.tools]: Sandbox executing command: '"C:\Users\Cyan Code\AppData\Local\Programs\Python\Python310\python.exe" "C:\Users\CYANCO~1\AppData\Local\Temp\tmpf8_ounzh.py"' in D:\Coding projects\REN-AI-main (1)\REN-AI-main (timeout=30s)
[2026-08-29 03:31:16] [INFO] [ren.tools]: Tool 'python_execute' completed successfully in 0.077s
[2026-08-29 03:35:56] [INFO] [ren.tools]: Executing tool 'system_status' with args {}...
[2026-08-29 03:35:56] [INFO] [ren.tools]: Tool 'system_status' completed successfully in 0.522s
[2026-08-29 03:36:01] [INFO] [ren.tools]: Executing tool 'system_status' with args {}...
[2026-08-29 03:36:02] [INFO] [ren.tools]: Tool 'system_status' completed successfully in 0.512s
[2026-08-29 03:36:06] [INFO] [ren.tools]: Executing tool 'system_status' with args {}...
[2026-08-29 03:36:06] [INFO] [ren.tools]: Tool 'system_status' completed successfully in 0.511s
[2026-08-29 03:36:16] [INFO] [ren.tools]: Sandbox executing command: '"C:\Users\Cyan Code\AppData\Local\Programs\Python\Python310\python.exe" "C:\Users\CYANCO~1\AppData\Local\Temp\tmp7_n_bryw.py"' in D:\Coding projects\REN-AI-main (1)\REN-AI-main (timeout=15s)
[2026-08-29 03:36:16] [WARNING] [ren.tools]: Validation failed for tool 'read_file': Missing required parameter 'path' for tool 'read_file'
[2026-08-29 03:36:16] [INFO] [ren.tools]: Executing tool 'python_execute' with args {'code': "a = 15\nb = 25\nprint(f'Sum: {a + b}')\n"}...
[2026-08-29 03:36:16] [INFO] [ren.tools]: Sandbox executing command: '"C:\Users\Cyan Code\AppData\Local\Programs\Python\Python310\python.exe" "C:\Users\CYANCO~1\AppData\Local\Temp\tmp3ak5mwqq.py"' in D:\Coding projects\REN-AI-main (1)\REN-AI-main (timeout=30s)
[2026-08-29 03:36:16] [INFO] [ren.tools]: Tool 'python_execute' completed successfully in 0.089s
[2026-08-29 03:36:16] [INFO] [ren.tools]: Executing tool 'system_status' with args {}...
[2026-08-29 03:36:16] [INFO] [ren.tools]: Tool 'system_status' completed successfully in 0.502s
[2026-08-29 03:36:16] [INFO] [ren.tools]: Executing tool 'write_file' with args {'path': 'C:\\Users\\CYANCO~1\\AppData\\Local\\Temp\\tmpl1smp8cd\\test.txt', 'content': 'Hello World REN'}...
[2026-08-29 03:36:16] [INFO] [ren.tools]: Tool 'write_file' completed successfully in 0.001s
[2026-08-29 03:36:16] [INFO] [ren.tools]: Executing tool 'read_file' with args {'path': 'C:\\Users\\CYANCO~1\\AppData\\Local\\Temp\\tmpl1smp8cd\\test.txt'}...
[2026-08-29 03:36:16] [INFO] [ren.tools]: Tool 'read_file' completed successfully in 0.000s
[2026-08-29 03:36:29] [INFO] [ren.tools]: Executing tool 'system_status' with args {}...
[2026-08-29 03:36:29] [INFO] [ren.tools]: Tool 'system_status' completed successfully in 0.527s
[2026-08-29 03:36:29] [INFO] [ren.tools]: Executing tool 'inspect_project' with args {'path': '.'}...
[2026-08-29 03:36:29] [INFO] [ren.tools]: Tool 'inspect_project' completed successfully in 0.090s
[2026-08-29 03:36:29] [INFO] [ren.tools]: Executing tool 'python_execute' with args {'code': "print('Sandbox OK')"}...
[2026-08-29 03:36:29] [INFO] [ren.tools]: Sandbox executing command: '"C:\Users\Cyan Code\AppData\Local\Programs\Python\Python310\python.exe" "C:\Users\CYANCO~1\AppData\Local\Temp\tmp8o_mq6hl.py"' in D:\Coding projects\REN-AI-main (1)\REN-AI-main (timeout=30s)
[2026-08-29 03:36:29] [INFO] [ren.tools]: Tool 'python_execute' completed successfully in 0.075s
[2026-08-29 03:38:26] [INFO] [ren.tools]: Executing tool 'system_status' with args {}...
[2026-08-29 03:38:26] [INFO] [ren.tools]: Tool 'system_status' completed successfully in 0.513s
[2026-08-29 03:38:32] [INFO] [ren.tools]: Executing tool 'system_status' with args {}...
[2026-08-29 03:38:32] [INFO] [ren.tools]: Tool 'system_status' completed successfully in 0.534s
[2026-08-29 03:38:38] [INFO] [ren.tools]: Executing tool 'system_status' with args {}...
[2026-08-29 03:38:38] [INFO] [ren.tools]: Tool 'system_status' completed successfully in 0.538s
[2026-08-29 03:38:45] [INFO] [ren.tools]: Sandbox executing command: '"C:\Users\Cyan Code\AppData\Local\Programs\Python\Python310\python.exe" "C:\Users\CYANCO~1\AppData\Local\Temp\tmp1jouub48.py"' in D:\Coding projects\REN-AI-main (1)\REN-AI-main (timeout=15s)
[2026-08-29 03:38:45] [WARNING] [ren.tools]: Validation failed for tool 'read_file': Missing required parameter 'path' for tool 'read_file'
[2026-08-29 03:38:45] [INFO] [ren.tools]: Executing tool 'python_execute' with args {'code': "a = 15\nb = 25\nprint(f'Sum: {a + b}')\n"}...
[2026-08-29 03:38:45] [INFO] [ren.tools]: Sandbox executing command: '"C:\Users\Cyan Code\AppData\Local\Programs\Python\Python310\python.exe" "C:\Users\CYANCO~1\AppData\Local\Temp\tmpdqjsjmi_.py"' in D:\Coding projects\REN-AI-main (1)\REN-AI-main (timeout=30s)
[2026-08-29 03:38:46] [INFO] [ren.tools]: Tool 'python_execute' completed successfully in 0.089s
[2026-08-29 03:38:46] [INFO] [ren.tools]: Executing tool 'system_status' with args {}...
[2026-08-29 03:38:46] [INFO] [ren.tools]: Tool 'system_status' completed successfully in 0.513s
[2026-08-29 03:38:46] [INFO] [ren.tools]: Executing tool 'write_file' with args {'path': 'C:\\Users\\CYANCO~1\\AppData\\Local\\Temp\\tmp0lozened\\test.txt', 'content': 'Hello World REN'}...
[2026-08-29 03:38:46] [INFO] [ren.tools]: Tool 'write_file' completed successfully in 0.001s
[2026-08-29 03:38:46] [INFO] [ren.tools]: Executing tool 'read_file' with args {'path': 'C:\\Users\\CYANCO~1\\AppData\\Local\\Temp\\tmp0lozened\\test.txt'}...
[2026-08-29 03:38:46] [INFO] [ren.tools]: Tool 'read_file' completed successfully in 0.001s
[2026-08-29 03:43:42] [INFO] [ren.tools]: Executing tool 'system_status' with args {}...
[2026-08-29 03:43:43] [INFO] [ren.tools]: Tool 'system_status' completed successfully in 0.598s
[2026-08-29 03:43:43] [INFO] [ren.tools]: Executing tool 'inspect_project' with args {'path': '.'}...
[2026-08-29 03:43:43] [INFO] [ren.tools]: Tool 'inspect_project' completed successfully in 0.080s
[2026-08-29 03:43:43] [INFO] [ren.tools]: Executing tool 'python_execute' with args {'code': "print('Sandbox OK')"}...
[2026-08-29 03:43:43] [INFO] [ren.tools]: Sandbox executing command: '"C:\Users\Cyan Code\AppData\Local\Programs\Python\Python310\python.exe" "C:\Users\CYANCO~1\AppData\Local\Temp\tmpmh9k3q3_.py"' in D:\Coding projects\REN-AI-main (1)\REN-AI-main (timeout=30s)
[2026-08-29 03:43:43] [INFO] [ren.tools]: Tool 'python_execute' completed successfully in 0.067s
[2026-08-29 03:45:33] [INFO] [ren.tools]: Executing tool 'system_status' with args {}...
[2026-08-29 03:45:33] [INFO] [ren.tools]: Tool 'system_status' completed successfully in 0.513s
[2026-08-29 03:45:36] [INFO] [ren.tools]: Executing tool 'system_status' with args {}...
[2026-08-29 03:45:37] [INFO] [ren.tools]: Tool 'system_status' completed successfully in 0.507s
[2026-08-29 03:45:40] [INFO] [ren.tools]: Executing tool 'system_status' with args {}...
[2026-08-29 03:45:40] [INFO] [ren.tools]: Tool 'system_status' completed successfully in 0.509s
[2026-08-29 03:45:47] [INFO] [ren.tools]: Sandbox executing command: '"C:\Users\Cyan Code\AppData\Local\Programs\Python\Python310\python.exe" "C:\Users\CYANCO~1\AppData\Local\Temp\tmp1coiecy9.py"' in D:\Coding projects\REN-AI-main (1)\REN-AI-main (timeout=15s)
[2026-08-29 03:45:47] [WARNING] [ren.tools]: Validation failed for tool 'read_file': Missing required parameter 'path' for tool 'read_file'
[2026-08-29 03:45:47] [INFO] [ren.tools]: Executing tool 'python_execute' with args {'code': "a = 15\nb = 25\nprint(f'Sum: {a + b}')\n"}...
[2026-08-29 03:45:47] [INFO] [ren.tools]: Sandbox executing command: '"C:\Users\Cyan Code\AppData\Local\Programs\Python\Python310\python.exe" "C:\Users\CYANCO~1\AppData\Local\Temp\tmp03rktjpz.py"' in D:\Coding projects\REN-AI-main (1)\REN-AI-main (timeout=30s)
[2026-08-29 03:45:48] [INFO] [ren.tools]: Tool 'python_execute' completed successfully in 0.059s
[2026-08-29 03:45:48] [INFO] [ren.tools]: Executing tool 'system_status' with args {}...
[2026-08-29 03:45:48] [INFO] [ren.tools]: Tool 'system_status' completed successfully in 0.508s
[2026-08-29 03:45:48] [INFO] [ren.tools]: Executing tool 'write_file' with args {'path': 'C:\\Users\\CYANCO~1\\AppData\\Local\\Temp\\tmpsl_gl4ee\\test.txt', 'content': 'Hello World REN'}...
[2026-08-29 03:45:48] [INFO] [ren.tools]: Tool 'write_file' completed successfully in 0.001s
[2026-08-29 03:45:48] [INFO] [ren.tools]: Executing tool 'read_file' with args {'path': 'C:\\Users\\CYANCO~1\\AppData\\Local\\Temp\\tmpsl_gl4ee\\test.txt'}...
[2026-08-29 03:45:48] [INFO] [ren.tools]: Tool 'read_file' completed successfully in 0.000s
[2026-08-29 03:51:09] [INFO] [ren.tools]: Executing tool 'web_search' with args {'query': 'current gold price per ounce today'}...
[2026-08-29 03:51:09] [INFO] [ren.tools]: Executing live web search for: 'current gold price per ounce today'
[2026-08-29 03:51:10] [INFO] [ren.tools]: Tool 'web_search' completed successfully in 1.103s
[2026-08-29 03:53:45] [INFO] [ren.tools]: Generating image for prompt: 'a laptop' (768x768)
[2026-08-29 03:57:15] [INFO] [ren.tools]: Executing tool 'python_execute' with args {'code': 'import os, sys, shutil, requests, psutil, json\nfrom ren.core.router import get_downloads_dir\nfrom ren.memory.manager import memory_manager\n\nimport pywhatkit as kit\nimport datetime\n\ndef send_whatsapp_message(phone_number, message, hour, minute):\n    """\n    Automates sending a WhatsApp message.\n    :param phone_number: String including country code (e.g., "+1234567890")\n    :param message: The text content of the message\n    :param hour: Hour in 24-hour format (0-23)\n    :param minute: Minute (0-59)\n    """\n    try:\n        print(f"Scheduling message to {phone_number} for {hour}:{minute}...")\n        \n        # sendwhatmsg(phone_no, message, time_hour, time_min)\n        # This will open the browser and send the message automatically\n        kit.sendwhatmsg(phone_number, message, hour, minute)\n        \n        print("Successfully scheduled! Keep your browser open.")\n    except Exception as e:\n        print(f"An error occurred: {e}")\n\n# --- Configuration ---\n# 1. Use the full phone number with country code (e.g., +91 for India, +1 for USA)\ntarget_number = "+1234567890" \nmsg_content = "Hello! This is an automated message sent via Ren AI\'s Python script. 🚀"\n\n# 2. Set the time (24-hour format)\n# For testing, set this to 1 or 2 minutes from your current time\nnow = datetime.datetime.now()\nsend_hour = now.hour\nsend_minute = now.minute + 2 \n\n# Handle minute overflow (if current minute is 59, set to 0 and increment hour)\nif send_minute >= 60:\n    send_minute = 0\n    send_hour += 1\n\nsend_whatsapp_message(target_number, msg_content, send_hour, send_minute)'}...
[2026-08-29 03:57:15] [INFO] [ren.tools]: Sandbox executing command: '"D:\Coding projects\REN-AI-main (1)\REN-AI-main\.venv\Scripts\python.exe" "C:\Users\CYANCO~1\AppData\Local\Temp\tmpe88jngzs.py"' in D:\Coding projects\REN-AI-main (1)\REN-AI-main (timeout=30s)
[2026-08-29 03:57:16] [WARNING] [ren.tools]: Tool 'python_execute' failed in 0.933s: Traceback (most recent call last):
  File "C:\Users\CYANCO~1\AppData\Local\Temp\tmpe88jngzs.py", line 2, in <module>
    from ren.core.router import get_downloads_dir
ModuleNotFoundError: No module named 'ren'
[2026-08-29 03:57:21] [INFO] [ren.tools]: Executing tool 'python_execute' with args {'code': 'import os, sys, shutil, requests, psutil, json\nfrom ren.core.router import get_downloads_dir\nfrom ren.memory.manager import memory_manager\n\nimport pywhatkit as kit\n\n# Parameters: \n# phone_number: The recipient\'s number with country code (e.g., "+1234567890")\n# message: The text you want to send\n# time_hour: Hour in 24-hour format (0-23)\n# time_min: Minute (0-59)\n\nphone_number = "+1234567890" \nmessage = "Hello! This is an automated message sent by Ren AI."\ntime_hour = 15  # 3 PM\ntime_min = 30   # 30 minutes\n\ntry:\n    # This will open the browser and send the message at the specified time\n    kit.sendwhatmsg(phone_number, message, time_hour, time_min)\n    print("Successfully Scheduled!")\nexcept Exception as e:\n    print(f"An error occurred: {e}")'}...
[2026-08-29 03:57:21] [INFO] [ren.tools]: Sandbox executing command: '"D:\Coding projects\REN-AI-main (1)\REN-AI-main\.venv\Scripts\python.exe" "C:\Users\CYANCO~1\AppData\Local\Temp\tmpuccskzyo.py"' in D:\Coding projects\REN-AI-main (1)\REN-AI-main (timeout=30s)
[2026-08-29 03:57:22] [WARNING] [ren.tools]: Tool 'python_execute' failed in 0.315s: Traceback (most recent call last):
  File "C:\Users\CYANCO~1\AppData\Local\Temp\tmpuccskzyo.py", line 2, in <module>
    from ren.core.router import get_downloads_dir
ModuleNotFoundError: No module named 'ren'
[2026-08-29 03:57:28] [INFO] [ren.tools]: Executing tool 'python_execute' with args {'code': 'import os, sys, shutil, requests, psutil, json\nfrom ren.core.router import get_downloads_dir\nfrom ren.memory.manager import memory_manager\n\nimport pywhatkit\n\n# Syntax: sendwhatmsg(phone_no, message, time_hour, time_min)\n# phone_no: Must include country code (e.g., "+1234567890")\n# time_hour: 24-hour format (0-23)\n# time_min: Minute of the hour (0-59)\n\ntry:\n    pywhatkit.sendwhatmsg("+1234567890", "Hello! This is an automated message from Ren AI.", 15, 30)\n    print("Successfully Scheduled!")\nexcept Exception as e:\n    print(f"An error occurred: {e}")'}...
[2026-08-29 03:57:28] [INFO] [ren.tools]: Sandbox executing command: '"D:\Coding projects\REN-AI-main (1)\REN-AI-main\.venv\Scripts\python.exe" "C:\Users\CYANCO~1\AppData\Local\Temp\tmptgf6dw5n.py"' in D:\Coding projects\REN-AI-main (1)\REN-AI-main (timeout=30s)
[2026-08-29 03:57:28] [WARNING] [ren.tools]: Tool 'python_execute' failed in 0.323s: Traceback (most recent call last):
  File "C:\Users\CYANCO~1\AppData\Local\Temp\tmptgf6dw5n.py", line 2, in <module>
    from ren.core.router import get_downloads_dir
ModuleNotFoundError: No module named 'ren'
[2026-08-29 03:57:54] [INFO] [ren.tools]: Executing tool 'write_file' with args {'path': 'speech_skill.py', 'content': 'import pyttsx3\n\nclass SpeechSkill:\n    def __init__(self):\n        self.engine = pyttsx3.init()\n        # Setting properties for a clearer, more natural voice\n        self.engine.setProperty(\'rate\', 175)    # Speed of speech\n        self.engine.setProperty(\'volume\', 1.0)  # Volume level\n\n    def speak(self, text):\n        print(f"[Ren Speaking]: {text}")\n        self.engine.say(text)\n        self.engine.runAndWait()\n\nif __name__ == "__main__":\n    # Test the skill\n    ren_voice = SpeechSkill()\n    ren_voice.speak("Skill initialized. I can now speak. Hello, I am Ren, created by Sadiq.")'}...
[2026-08-29 03:57:54] [INFO] [ren.tools]: Tool 'write_file' completed successfully in 0.003s
[2026-08-29 03:58:40] [WARNING] [ren.tools]: Validation failed for tool 'write_file': Missing required parameter 'path' for tool 'write_file'
[2026-08-29 03:59:23] [INFO] [ren.tools]: Executing tool 'python_execute' with args {'code': 'import os, sys, shutil, requests, psutil, json\nfrom ren.core.router import get_downloads_dir\nfrom ren.memory.manager import memory_manager\n\nimport os\nfrom PIL import Image\nimport requests # Used if calling an external Vision API\n\nclass VisionSkill:\n    """\n    Ren AI Skill: Photo Upload & Analysis\n    This skill handles the ingestion of image files and prepares them \n    for cognitive analysis.\n    """\n    def __init__(self, upload_folder="uploads/images"):\n        self.upload_folder = upload_folder\n        if not os.path.exists(self.upload_folder):\n            os.makedirs(self.upload_folder)\n\n    def upload_photo(self, file_path):\n        """\n        Validates and moves the uploaded photo to the Ren AI storage.\n        """\n        try:\n            # Validate file extension\n            valid_extensions = (\'.jpg\', \'.jpeg\', \'.png\', \'.webp\')\n            if not file_path.lower().endswith(valid_extensions):\n                return {"status": "error", "message": "Unsupported file format."}\n\n            # Get filename and save path\n            filename = os.path.basename(file_path)\n            destination = os.path.join(self.upload_folder, filename)\n\n            # In a real scenario, we would use shutil.copy or a request stream\n            # For this skill logic, we assume the file is being moved to Ren\'s memory context\n            with open(file_path, \'rb\') as src, open(destination, \'wb\') as dst:\n                dst.write(src.read())\n\n            return {"status": "success", "path": destination}\n        except Exception as e:\n            return {"status": "error", "message": str(e)}\n\n    def analyze_image(self, image_path, prompt="What is in this image?"):\n        """\n        Sends the image to the vision processing engine.\n        """\n        # This is where Ren would interface with a Vision LLM (e.g., GPT-4o or LLaVA)\n        print(f"[Ren AI] Analyzing image at {image_path} with prompt: {prompt}...")\n        \n        # Mock response for the logic flow\n        # In production, this would be a call to the API:\n        # response = vision_api.analyze(image_path, prompt)\n        return f"Analysis complete: The image at {image_path} contains objects matching your request."\n\n# --- Integration Example ---\nif __name__ == "__main__":\n    # Initialize the skill\n    ren_vision = VisionSkill()\n\n    # Simulate a user uploading a photo\n    test_image = "user_upload.jpg" # Assume this file exists\n    \n    # 1. Upload\n    upload_result = ren_vision.upload_photo(test_image)\n    \n    if upload_result["status"] == "success":\n        print(f"Photo uploaded successfully to: {upload_result[\'path\']}")\n        \n        # 2. Analyze\n        description = ren_vision.analyze_image(upload_result["path"], "Describe this scene in detail.")\n        print(description)\n    else:\n        print(f"Upload failed: {upload_result[\'message\']}")'}...
[2026-08-29 03:59:23] [INFO] [ren.tools]: Sandbox executing command: '"D:\Coding projects\REN-AI-main (1)\REN-AI-main\.venv\Scripts\python.exe" "C:\Users\CYANCO~1\AppData\Local\Temp\tmpcgcng5_4.py"' in D:\Coding projects\REN-AI-main (1)\REN-AI-main (timeout=30s)
[2026-08-29 03:59:23] [WARNING] [ren.tools]: Tool 'python_execute' failed in 0.222s: Traceback (most recent call last):
  File "C:\Users\CYANCO~1\AppData\Local\Temp\tmpcgcng5_4.py", line 2, in <module>
    from ren.core.router import get_downloads_dir
ModuleNotFoundError: No module named 'ren'
[2026-08-29 04:00:38] [INFO] [ren.tools]: Executing tool 'generate_image' with args {'prompt': 'A high-detail 3D render of a pink Porsche 911 GT parked in a Minecraft cherry blossom biome. The scene should look like a professional Blender render with realistic lighting, soft shadows, and ray-tracing. The car has a glossy pink metallic finish, while the surrounding environment consists of blocky Minecraft cherry blossom trees with falling pink petals and soft green grass. Cinematic composition, 8k resolution, octane render style.'}...
[2026-08-29 04:00:38] [INFO] [ren.tools]: Generating image for prompt: 'A high-detail 3D render of a pink Porsche 911 GT parked in a Minecraft cherry blossom biome. The scene should look like a professional Blender render with realistic lighting, soft shadows, and ray-tracing. The car has a glossy pink metallic finish, while the surrounding environment consists of blocky Minecraft cherry blossom trees with falling pink petals and soft green grass. Cinematic composition, 8k resolution, octane render style.' (768x768)
[2026-08-29 04:00:41] [INFO] [ren.tools]: Tool 'generate_image' completed successfully in 3.040s
[2026-08-29 04:01:27] [INFO] [ren.tools]: Executing tool 'generate_image' with args {'prompt': 'A high-detail 3D render of a pink Porsche 911 GT parked in a Minecraft cherry blossom biome. The scene is styled as a professional Blender render with realistic lighting, soft shadows, and ray-tracing. The car has a glossy pink metallic finish, while the surrounding environment consists of blocky Minecraft cherry blossom trees with falling pink petals and soft green grass. Cinematic composition, 8k resolution, octane render style.'}...
[2026-08-29 04:01:27] [INFO] [ren.tools]: Generating image for prompt: 'A high-detail 3D render of a pink Porsche 911 GT parked in a Minecraft cherry blossom biome. The scene is styled as a professional Blender render with realistic lighting, soft shadows, and ray-tracing. The car has a glossy pink metallic finish, while the surrounding environment consists of blocky Minecraft cherry blossom trees with falling pink petals and soft green grass. Cinematic composition, 8k resolution, octane render style.' (768x768)
[2026-08-29 04:01:30] [INFO] [ren.tools]: Tool 'generate_image' completed successfully in 2.574s
[2026-08-29 04:01:49] [INFO] [ren.tools]: Executing tool 'web_search' with args {'query': 'current gold price per ounce today'}...
[2026-08-29 04:01:49] [INFO] [ren.tools]: Executing live web search for: 'current gold price per ounce today'
[2026-08-29 04:01:50] [INFO] [ren.tools]: Tool 'web_search' completed successfully in 1.097s
[2026-08-29 04:02:57] [INFO] [ren.tools]: Executing tool 'web_search' with args {'query': 'current silver price per ounce August 29 2026'}...
[2026-08-29 04:02:57] [INFO] [ren.tools]: Executing live web search for: 'current silver price per ounce August 29 2026'
[2026-08-29 04:02:58] [INFO] [ren.tools]: Tool 'web_search' completed successfully in 0.897s
[2026-08-29 04:03:25] [INFO] [ren.tools]: Executing tool 'generate_image' with args {'prompt': "A high-resolution, cinematic shot of a sleek, modern Porsche in a vibrant metallic pink color, parked on a futuristic city street at night with neon lights reflecting off the car's polished surface, 8k resolution, photorealistic, hyper-detailed."}...
[2026-08-29 04:03:25] [INFO] [ren.tools]: Generating image for prompt: 'A high-resolution, cinematic shot of a sleek, modern Porsche in a vibrant metallic pink color, parked on a futuristic city street at night with neon lights reflecting off the car's polished surface, 8k resolution, photorealistic, hyper-detailed.' (768x768)
[2026-08-29 04:03:28] [INFO] [ren.tools]: Tool 'generate_image' completed successfully in 2.436s
[2026-08-29 04:04:09] [INFO] [ren.tools]: Executing tool 'web_search' with args {'query': 'Cyan Code YouTube channel latest uploads'}...
[2026-08-29 04:04:09] [INFO] [ren.tools]: Executing live web search for: 'Cyan Code YouTube channel latest uploads'
[2026-08-29 04:04:10] [INFO] [ren.tools]: Tool 'web_search' completed successfully in 0.921s
[2026-08-29 04:04:21] [INFO] [ren.tools]: Executing tool 'generate_image' with args {'prompt': 'A high-resolution 3D render of a sleek Porsche car in a vibrant metallic pink color, entirely constructed out of Minecraft blocks (voxel art). The car is parked on a Minecraft grass block landscape with square clouds and a blocky sun in the background. Cinematic lighting, 8k resolution, authentic Minecraft aesthetic, hyper-detailed voxel art.'}...
[2026-08-29 04:04:21] [INFO] [ren.tools]: Generating image for prompt: 'A high-resolution 3D render of a sleek Porsche car in a vibrant metallic pink color, entirely constructed out of Minecraft blocks (voxel art). The car is parked on a Minecraft grass block landscape with square clouds and a blocky sun in the background. Cinematic lighting, 8k resolution, authentic Minecraft aesthetic, hyper-detailed voxel art.' (768x768)
[2026-08-29 04:04:23] [INFO] [ren.tools]: Tool 'generate_image' completed successfully in 2.170s
[2026-08-29 04:05:13] [INFO] [ren.tools]: Executing tool 'web_search' with args {'query': 'Sadiq Cyan Code age'}...
[2026-08-29 04:05:13] [INFO] [ren.tools]: Executing live web search for: 'Sadiq Cyan Code age'
[2026-08-29 04:05:15] [INFO] [ren.tools]: Tool 'web_search' completed successfully in 1.151s
[2026-08-29 04:22:20] [INFO] [ren.tools]: Executing tool 'git_commit' with args {'message': 'Updates to Ren AI source code - 2026', 'all_files': True}...
[2026-08-29 04:22:20] [INFO] [ren.tools]: Sandbox executing command: 'git add -A' in D:\Coding projects\REN-AI-main (1)\REN-AI-main (timeout=60s)
